player_id,player,position,team,sleeper_rank,bye_week,sleeper_proj_dollar,season_pts_half_ppr,pts_source,wk1_3_pts_league,wk1_pts_league
17,Matt Prater,K,,,,,14,api,,
19,Joe Flacco,QB,CIN,,,,28.72,api,,
23,Jason Witten,TE,,,,,,,,
24,Matt Ryan,QB,,,,,,,,
49,Robbie Gould,K,,,,,,,,
59,Mason Crosby,K,,,,,,,,
89,Chad Henne,QB,,,,,,,,
96,Aaron Rodgers,QB,PIT,142,9,1,170,board,40.9,13.79
110,Stephen Gostkowski,K,,,,,,,,
111,Marcedes Lewis,TE,,,,,,,,
120,Adam Vinatieri,K,,,,,,,,
127,Matt Bryant,K,,,,,,,,
138,Ben Roethlisberger,QB,PIT,,,,,,,
147,DeSean Jackson,WR,,,,,,,,
167,Tom Brady,QB,,,,,,,,
178,Matt Schaub,QB,,,,,,,,
181,Drew Stanton,QB,,,,,,,,
184,Adrian Peterson,RB,,,,,,,,
200,Vernon Davis,TE,,,,,,,,
208,Josh McCown,QB,,,,,,,,
223,Larry Fitzgerald,WR,,,,,,,,
232,Frank Gore,RB,,,,,,,,
233,Matt Moore,QB,,,,,,,,
246,Darren Sproles,RB,,,,,,,,
260,Josh Johnson,QB,CIN,,,,11.34,api,,
268,Alex Smith,QB,,,,,,,,
284,Delanie Walker,TE,,,,,,,,
289,Drew Brees,QB,,,,,,,,
312,Matthew Slater,WR,,,,,,,,
331,Philip Rivers,QB,,,,,,,,
333,Ryan Fitzpatrick,QB,,,,,,,,
344,Julian Edelman,WR,,,,,,,,
345,Brian Hoyer,QB,,,,,,,,
367,Jared Cook,TE,,,,,,,,
391,Ryan Succop,K,,,,,,,,
421,Matthew Stafford,QB,LAR,62,11,15,269.2,board,47.15,15.72
455,Michael Crabtree,WR,,,,,,,,
490,Chase Daniel,QB,,,,,,,,
491,Danny Amendola,WR,,,,,,,,
503,Graham Gano,K,,,,,14,api,,
515,Rob Gronkowski,TE,,,,,,,,
533,Colt McCoy,QB,,,,,,,,
536,Antonio Brown,WR,,,,,,,,
538,Emmanuel Sanders,WR,,,,,,,,
559,Tim Tebow,TE,,,,,,,,
574,Dez Bryant,WR,,,,,,,,
587,Logan Paulsen,TE,,,,,,,,
606,Joe Webb,QB,,,,,,,,
616,Jimmy Graham,TE,,,,,,,,
627,Andre Roberts,WR,,,,,,,,
642,Golden Tate,WR,,,,,,,,
650,Nick Folk,K,ATL,,,,95,api,21.27,6.75
658,Mike Nugent,K,,,,,,,,
663,Benjamin Watson,TE,,,,,,,,
676,LeSean McCoy,RB,,,,,,,,
695,Ted Ginn,WR,,,,,,,,
745,Marshawn Lynch,RB,,,,,,,,
775,Stephen Hauschka,K,,,,,,,,
788,Dion Lewis,RB,,,,,,,,
801,Charles Clay,TE,,,,,,,,
812,Lee Smith,TE,ATL,,,,,,,
818,Bilal Powell,RB,,,,,,,,
827,Tyrod Taylor,QB,GB,,,,12.9,api,,
829,Andy Dalton,QB,PHI,,,,11.82,api,,
830,A.J. Green,WR,,,,,,,,
862,Blaine Gabbert,QB,,,,,,,,
868,Virgil Green,TE,,,,,,,,
886,Taiwan Jones,RB,,,,,,,,
899,Dan Bailey,K,,,,,,,,
902,Dwayne Harris,WR,,,,,,,,
928,Randall Cobb,WR,,,,,,,,
943,Kyle Rudolph,TE,,,,,,,,
947,Julio Jones,WR,,,,,,,,
954,Cam Newton,QB,,,,,,,,
956,Mark Ingram,RB,,,,,,,,
963,Luke Stocker,TE,,,,,,,,
964,Lance Kendricks,TE,,,,,,,,
973,Anthony Sherman,RB,,,,,,,,
1029,Nick Foles,QB,,,,,,,,
1034,Brandon Bolden,RB,,,,,,,,
1048,Lamar Miller,RB,,,,,,,,
1049,Ryan Tannehill,QB,,,,,,,,
1067,Marvin Jones,WR,,,,,,,,
1071,Mohamed Sanu,WR,,,,,,,,
1077,Travis Benjamin,WR,,,,,,,,
1099,Randy Bullock,K,,,,,,,,
1110,T.Y. Hilton,WR,,,,,,,,
1144,Cole Beasley,WR,,,,,,,,
1149,Alshon Jeffery,WR,,,,,,,,
1166,Kirk Cousins,QB,LV,194,13,1,36.2,board,27.72,13.91
1169,Robert Griffin,QB,,,,,,,,
1170,Alfred Morris,RB,,,,,,,,
1211,Rhett Ellison,TE,,,,,,,,
1215,Jarius Wright,WR,,,,,,,,
1223,Garrett Celek,TE,,,,,,,,
1232,Robert Turbin,RB,,,,,,,,
1234,Russell Wilson,QB,,,,,,,,
1244,Josh Gordon,WR,,,,,,,,
1262,Alex Tanney,QB,,,,,,,,
1264,Justin Tucker,K,,,,,,,,
1266,Greg Zuerlein,K,,,,,,,,
1269,Bradley Sowell,TE,,,,,,,,
1273,Francis Owusu,WR,,,,,,,,
1287,Kai Forbath,K,,,,,,,,
1290,Jermaine Kearse,WR,,,,,,,,
1312,Josh Bellamy,WR,,,,,,,,
1329,Chris Hogan,WR,,,,,,,,
1333,Russell Shepard,WR,,,,,,,,
1338,Matt Barkley,QB,,,,,,,,
1339,Zach Ertz,TE,,,,,28.7,api,,
1346,Marquise Goodwin,WR,,,,,,,,
1348,Dustin Hopkins,K,,,,,,,,
1352,Robert Woods,WR,,,,,,,,
1373,Geno Smith,QB,NYJ,145,13,1,208.5,board,38.8,13.23
1386,Giovani Bernard,RB,,,,,,,,
1387,Rex Burkhead,RB,,,,,,,,
1388,Tyler Eifert,TE,,,,,,,,
1408,Le'Veon Bell,RB,,,,,,,,
1425,Ryan Griffin,TE,,,,,,,,
1426,DeAndre Hopkins,WR,,,,,2,api,,
1433,Brandon McManus,K,,,,,36,api,,
1451,C.J. Anderson,RB,,,,,,,,
1466,Travis Kelce,TE,KC,95,5,8,136.4,board,27.46,8.74
1476,Latavius Murray,RB,,,,,,,,
1479,Keenan Allen,WR,IND,199,13,1,84.8,board,20.59,6.37
1500,Jordan Reed,TE,,,,,,,,
1502,Chris Thompson,RB,,,,,,,,
1517,Theo Riddick,RB,,,,,,,,
1535,Cordarrelle Patterson,RB,,,,,,,,
1546,Kenjon Barner,RB,,,,,,,,
1550,Ryan Griffin,QB,,,,,,,,
1555,Kenny Stills,WR,,,,,,,,
1559,Mike Glennon,QB,,,,,,,,
1567,Tavon Austin,WR,,,,,,,,
1587,Vance McDonald,TE,,,,,,,,
1592,Darren Fells,TE,TB,,,,,,,
1601,Spencer Ware,RB,,,,,,,,
1603,Luke Willson,TE,,,,,,,,
1604,Nick Williams,WR,DEN,,,,,,,
1612,Tyler Bray,QB,,,,,,,,
1619,Demetrius Harris,TE,,,,,,,,
1642,Levine Toilolo,TE,NYG,,,,,,,
1652,Terrell Sinkfield,WR,,,,,,,,
1678,Uzoma Nwachukwu,WR,,,,,,,,
1684,Jaron Brown,WR,,,,,,,,
1689,Adam Thielen,WR,,,,,,,,
1701,Eric Rogers,WR,,,,,,,,
1706,Jack Doyle,TE,IND,,,,,,,
1718,Derek Carrier,TE,,,,,,,,
1737,Case Keenum,QB,CHI,,,,,,,
1777,Josh Hill,TE,,,,,,,,
1793,Trey Burton,TE,,,,,,,,
1794,David Fluellen,RB,,,,,,,,
1800,Jordan Matthews,TE,,,,,,,,
1817,Sammy Watkins,WR,,,,,,,,
1825,Jarvis Landry,WR,,,,,,,,
1833,Damien Williams,RB,,,,,,,,
1837,Jimmy Garoppolo,QB,,,,,12.32,api,,
1841,Stephen Houston,RB,,,,,,,,
1842,Derrick Johnson,WR,,,,,,,,
1848,James White,RB,,,,,,,,
1854,Quincy Enunwa,WR,,,,,,,,
1855,Shaquelle Evans,WR,,,,,,,,
1895,AJ McCarron,QB,,,,,,,,
1903,Taylor Gabriel,WR,,,,,,,,
1911,Willie Snead,WR,,,,,,,,
1916,Martavis Bryant,WR,,,,,,,,
1939,Derel Walker,WR,,,,,,,,
1943,Lacoltan Bester,WR,,,,,,,,
1945,Chris Boswell,K,PIT,,,,107,api,20.69,6.96
1971,Donte Moncrief,WR,,,,,,,,
1974,Cody Parkey,K,,,,,,,,
1979,Blake Bortles,QB,NO,,,,,,,
1984,Allen Hurns,WR,MIA,,,,,,,
1987,Marqise Lee,WR,,,,,,,,
1992,Allen Robinson,WR,,,,,,,,
2003,Bennie Fowler,WR,,,,,,,,
2004,Cody Latimer,WR,,,,,,,,
2020,Cairo Santos,K,CHI,,,,100,api,21.69,7.31
2023,De'Anthony Thomas,WR,,,,,,,,
2025,Albert Wilson,WR,,,,,,,,
2028,Derek Carr,QB,,,,,27.18,api,,
2039,Seth Roberts,WR,,,,,,,,
2040,Scott Simonson,TE,,,,,,,,
2044,Brelan Chancellor,WR,,,,,,,,
2078,Odell Beckham,WR,NYG,,,,23,api,2.59,0.86
2082,Xavier Grimble,TE,,,,,,,,
2093,Ryan Grant,WR,,,,,,,,
2106,David Fales,QB,,,,,,,,
2114,Senorise Perry,RB,,,,,,,,
2118,Eric Ebron,TE,PIT,,,,,,,
2119,James Franklin,QB,,,,,,,,
2121,T.J. Jones,WR,,,,,,,,
2133,Davante Adams,WR,LAR,63,11,14,161,board,30.96,10.32
2142,Rajion Neal,RB,,,,,,,,
2146,Richard Rodgers,TE,,,,,,,,
2152,Teddy Bridgewater,QB,,,,,11.58,api,,
2161,Jerick McKinnon,RB,,,,,,,,
2168,Devonta Freeman,RB,,,,,,,,
2191,Marcus Lucas,WR,,,,,,,,
2197,Brandin Cooks,WR,,,,,23.8,api,,
2200,Timothy Flanders,RB,,,,,,,,
2206,Logan Kilgore,QB,,,,,,,,
2214,Cameron Brate,TE,,,,,,,,
2216,Mike Evans,WR,SF,76,8,13,187.2,board,33.47,10.75
2229,Garrett Gilbert,QB,,,,,,,,
2238,John Brown,WR,,,,,,,,
2251,Logan Thomas,TE,,,,,,,,
2257,Carlos Hyde,RB,,,,,,,,
2262,Trey Millard,RB,,,,,,,,
2279,Paul Richardson,WR,,,,,,,,
2291,Dontrelle Inman,WR,,,,,,,,
2304,Jerome Cunningham,TE,,,,,,,,
2306,Jameis Winston,QB,NYG,,,,12.86,api,,
2307,Marcus Mariota,QB,WAS,,,,13.12,api,,
2309,Amari Cooper,WR,,,,,,,,
2312,Kevin White,WR,,,,,,,,
2315,Todd Gurley,RB,,,,,,,,
2319,DeVante Parker,WR,,,,,,,,
2320,Melvin Gordon,RB,,,,,,,,
2325,Nelson Agholor,WR,,,,,,,,
2331,Breshad Perriman,WR,,,,,,,,
2334,Phillip Dorsett,WR,,,,,,,,
2341,T.J. Yeldon,RB,,,,,,,,
2342,Devin Smith,WR,,,,,,,,
2346,Devin Funchess,TE,,,,,,,,
2359,Ameer Abdullah,RB,JAX,,,,3.8,api,0.94,0.31
2360,Maxx Williams,TE,,,,,,,,
2373,Clive Walford,TE,,,,,,,,
2374,Tyler Lockett,WR,,,,,22.8,api,,
2378,Tevin Coleman,RB,,,,,,,,
2381,Chris Conley,WR,,,,,,,,
2382,Duke Johnson,RB,,,,,,,,
2390,Tyler Kroft,TE,,,,,,,,
2391,David Johnson,RB,,,,,,,,
2394,Sean Mannion,QB,,,,,,,,
2397,Jeff Heuerman,TE,,,,,,,,
2399,Ty Montgomery,RB,,,,,,,,
2410,Jamison Crowder,WR,,,,,,,,
2412,Justin Hardy,WR,,,,,,,,
2422,Blake Bell,TE,,,,,,,,
2430,Javorius Allen,RB,,,,,,,,
2431,Mike Davis,RB,,,,,,,,
2446,MyCole Pruitt,TE,,,,,,,,
2449,Stefon Diggs,WR,WAS,126,7,2,125.3,board,27.21,9.15
2450,Brett Hundley,QB,,,,,,,,
2452,Jay Ajayi,RB,,,,,,,,
2460,C.J. Uzomah,TE,,,,,,,,
2462,J.J. Nelson,WR,,,,,,,,
2463,Jesse James,TE,,,,,,,,
2465,Kenny Bell,WR,,,,,,,,
2474,Nick Boyle,TE,,,,,,,,
2476,James O'Shaughnessy,TE,,,,,,,,
2487,Geremy Davis,WR,,,,,,,,
2495,Nick O'Leary,TE,,,,,,,,
2502,Bud Sasser,WR,,,,,,,,
2505,Darren Waller,TE,CAR,240,5,1,99.1,board,19.23,6.48
2528,Ben Koyack,TE,,,,,,,,
2532,Da'Ron Brown,WR,,,,,,,,
2545,Geoff Swaim,TE,,,,,,,,
2549,Trevor Siemian,QB,,,,,,,,
2553,Rory Anderson,TE,,,,,,,,
2557,Jerry Lovelocke,QB,,,,,,,,
2560,Zach Zenner,RB,,,,,,,,
2561,Anthony Boone,QB,,,,,,,,
2565,Jean Sifrin,TE,,,,,,,,
2567,Bryan Bennett,QB,,,,,,,,
2569,Jake Waters,QB,,,,,,,,
2570,Donatella Luckett,WR,,,,,,,,
2573,DaVaris Daniels,WR,,,,,,,,
2576,Cody Fajardo,QB,,,,,,,,
2577,Devante Davis,WR,,,,,,,,
2578,John Harris,WR,,,,,,,,
2580,Titus Davis,WR,,,,,,,,
2581,Jahwan Edwards,RB,,,,,,,,
2582,Cole Stoudt,QB,,,,,,,,
2583,Tyrell Williams,WR,,,,,,,,
2587,Dres Anderson,WR,,,,,,,,
2588,Malcolm Brown,RB,,,,,,,,
2593,Antwan Goodley,WR,,,,,,,,
2595,Tim Semisch,TE,,,,,,,,
2597,Michael Dyer,RB,,,,,,,,
2600,Ricky Seale,RB,,,,,,,,
2602,Darius Jennings,WR,,,,,,,,
2620,Jake Heaps,QB,,,,,,,,
2632,Desmond Martin,RB,,,,,,,,
2635,Vernon Johnson,WR,,,,,,,,
2636,Jarred Haggins,WR,,,,,,,,
2639,Tony Jones,WR,,,,,,,,
2651,Phillip Sims,QB,,,,,,,,
2671,Josh Lambo,K,,,,,,,,
2672,Damarr Aultman,WR,,,,,,,,
2673,Damiere Byrd,WR,,,,,,,,
2674,Paul Browning,WR,,,,,,,,
2684,Corbin Louks,WR,,,,,,,,
2703,Ezell Ruffin,WR,,,,,,,,
2711,Taylor Heinicke,QB,,,,,,,,
2713,Josh Harper,WR,,,,,,,,
2730,Kenneth Harper,RB,,,,,,,,
2733,Kasey Closs,WR,,,,,,,,
2747,Jason Myers,K,SEA,,,,111,api,23.24,7.76
2749,Raheem Mostert,RB,,,,,10,api,,
2750,DeAndre Carter,WR,,,,,1.3,api,,
2751,Daniel Brown,TE,,,,,,,,
2752,Trent Steelman,WR,,,,,,,,
2753,Rasheed Bailey,WR,,,,,,,,
2754,Michael Johnson,WR,,,,,,,,
2755,Eric Tomlinson,TE,,,,,,,,
2756,Andrew Gleichert,TE,,,,,,,,
2767,Jawon Chisholm,RB,,,,,,,,
2768,Braylon Heard,RB,,,,,,,,
2770,Harold Spears,TE,,,,,,,,
2771,Jimmie Hunt,WR,,,,,,,,
2783,Kenzel Doe,WR,,,,,,,,
2785,Gus Johnson,RB,,,,,,,,
2787,David Porter,WR,,,,,,,,
2790,Nigel King,WR,,,,,,,,
2800,Mario Hull,WR,,,,,,,,
2801,DeAndrew White,WR,,,,,,,,
2802,Corey Acosta,K,,,,,,,,
2817,Daniel Rodriguez,WR,,,,,,,,
2819,Mike Meyer,K,,,,,,,,
2820,Dominique Brown,RB,,,,,,,,
2821,Jake Kumerow,WR,,,,,,,,
2822,Adam Humphries,WR,,,,,,,,
2836,Kenny Cook,WR,,,,,,,,
2838,Trevor Harman,WR,,,,,,,,
2846,Marquez Clark,WR,,,,,,,,
2870,Ray Hamilton,TE,,,,,,,,
2875,Tony Creecy,RB,,,,,,,,
2879,Isiah Ferguson,WR,,,,,,,,
2880,Zach Laskey,RB,,,,,,,,
2886,Justin Sinz,TE,,,,,,,,
2892,Rodney Smith,RB,,,,,,,,
2898,Cameron Clear,TE,,,,,,,,
2900,Terrence Franks,RB,,,,,,,,
2903,Shane Carden,QB,,,,,,,,
2905,Josh Reese,WR,,,,,,,,
2906,Bell Braylon,WR,,,,,,,,
2909,Beau Gardner,TE,,,,,,,,
2910,Tyler Rutenbeck,WR,,,,,,,,
2911,Justin Manton,K,,,,,,,,
2913,Gavin Lutman,WR,,,,,,,,
2914,Luke Lundy,RB,,,,,,,,
2916,Ify Umodu,WR,,,,,,,,
2917,Brian Vogler,TE,,,,,,,,
2918,Demetrius Wilson,WR,,,,,,,,
2920,Jeret Smith,WR,,,,,,,,
2921,Taylor Sloat,TE,,,,,,,,
2922,Devin Mahina,TE,,,,,,,,
2923,Connor Neighbors,RB,,,,,,,,
2925,Darius Davis,WR,,,,,,,,
2927,Keshawn Hill,RB,,,,,,,,
2929,Adrian Coxson,WR,,,,,,,,
2930,Justin Tukes,TE,,,,,,,,
2931,Deshon Foxx,WR,,,,,,,,
2932,Eric Frohnapfel,TE,,,,,,,,
2933,Corey Knox,RB,,,,,,,,
2934,Jonathon Rumph,WR,,,,,,,,
2935,Ricky Collins,WR,,,,,,,,
2936,Rasheed Williams,RB,,,,,,,,
2937,Damond Powell,WR,,,,,,,,
2938,Cam Worthy,WR,,,,,,,,
2939,Javess Blue,WR,,,,,,,,
2940,Des Lawrence,WR,,,,,,,,
2943,Mark Weisman,RB,,,,,,,,
2944,Matt LaCosse,TE,NE,,,,,,,
2945,Lee Ward,RB,,,,,,,,
2947,Clay Burton,TE,,,,,,,,
2948,Brandon Cottom,RB,,,,,,,,
2949,Synjyn Days,RB,,,,,,,,
2957,Ernst Brun,TE,,,,,,,,
2962,Zach D'Orazio,WR,,,,,,,,
2981,Ross Scheuerman,RB,,,,,,,,
2996,Logan Stokes,TE,,,,,,,,
3020,Dan Light,TE,,,,,,,,
3021,Devin Gardner,WR,,,,,,,,
3036,Matt Lengel,TE,,,,,,,,
3041,Ross Travis,TE,,,,,,,,
3045,Gannon Sinclair,TE,,,,,,,,
3048,Chris Manhertz,TE,NYG,,,,1.8,api,0.79,0.26
3052,Kendrick Ings,WR,,,,,,,,
3078,Jamel Johnson,WR,,,,,,,,
3148,Anthony Dable,WR,,,,,,,,
3150,Xavier Rush,WR,,,,,,,,
3155,Laquon Treadwell,WR,IND,,,,,,,
3157,William Fuller,WR,,,,,,,,
3161,Carson Wentz,QB,MIN,,,,12.44,api,,
3163,Jared Goff,QB,DET,61,6,15,273.5,board,50.94,17
3164,Ezekiel Elliott,RB,,,,,,,,
3170,Paxton Lynch,QB,,,,,,,,
3177,Corey Coleman,WR,,,,,,,,
3178,Josh Doctson,WR,,,,,,,,
3198,Derrick Henry,RB,BAL,30,13,28,238.4,board,44.11,14.96
3199,Michael Thomas,WR,,,,,,,,
3200,Sterling Shepard,WR,,,,,0.6,api,,
3202,Austin Hooper,TE,ATL,,,,26.2,api,6.56,2.13
3204,C.J. Prosise,RB,,,,,,,,
3205,Cody Kessler,QB,,,,,,,,
3208,Kenneth Dixon,RB,,,,,,,,
3209,Devontae Booker,RB,,,,,,,,
3211,Paul Perkins,RB,,,,,,,,
3214,Hunter Henry,TE,NE,130,11,2,124.5,board,22.19,7.57
3225,Tyler Boyd,WR,,,,,,,,
3239,Bronson Kaufusi,TE,GB,,,,,,,
3242,Kenyan Drake,RB,,,,,,,,
3257,Jacoby Brissett,QB,ARI,143,14,1,153,board,40.95,13.68
3258,Nick Vannett,TE,BAL,,,,,,,
3269,Chris Moore,WR,BAL,,,,3.1,api,0.47,
3271,Tyler Higbee,TE,LAR,,,,25.9,api,4.37,1.67
3278,Pharoh Cooper,WR,,,,,,,,
3280,Tyler Ervin,RB,,,,,,,,
3286,Demarcus Robinson,WR,SF,,,,31.1,api,7.49,2.4
3294,Dak Prescott,QB,DAL,37,14,26,290.9,board,53.49,17.61
3296,Seth DeValve,TE,,,,,,,,
3297,Tajae Sharpe,WR,,,,,,,,
3300,DeAndre Washington,RB,,,,,,,,
3306,Jordan Howard,RB,,,,,,,,
3309,Wendell Smallwood,RB,WAS,,,,,,,
3312,Jonathan Williams,RB,,,,,,,,
3318,Kevin Hogan,QB,,,,,,,,
3319,Trevor Davis,WR,,,,,,,,
3321,Tyreek Hill,WR,,220,0,1,77.2,board,,
3328,Rashard Higgins,WR,,,,,,,,
3333,Temarrick Hemingway,TE,WAS,,,,,,,
3336,Moritz Bohringer,TE,,,,,,,,
3340,Jerell Adams,TE,,,,,,,,
3342,Jakeem Grant,WR,,,,,,,,
3343,Nate Sudfeld,QB,,,,,,,,
3347,Jake Rudock,QB,,,,,,,,
3348,Kolby Listenbee,WR,,,,,,,,
3355,Cody Core,WR,,,,,,,,
3357,Brandon Allen,QB,,,,,,,,
3362,Jeff Driskel,QB,,,,,,,,
3371,Darius Jackson,RB,,,,,,,,
3380,Devin Lucien,WR,,,,,,,,
3391,Dwayne Washington,RB,,,,,,,,
3393,Devin Fuller,WR,,,,,,,,
3397,Keith Marshall,RB,,,,,,,,
3398,Kenny Lawler,WR,,,,,,,,
3402,Zac Brooks,RB,,,,,,,,
3407,Beau Sandland,TE,,,,,,,,
3410,Jake Coker,QB,,,,,,,,
3412,Devon Johnson,RB,,,,,,,,
3418,Mekale McKay,WR,,,,,,,,
3423,Robbie Chosen,WR,,,,,,,,
3433,Alex Erickson,WR,,,,,,,,
3440,Josh Woodrum,QB,,,,,,,,
3445,Marcus Johnson,WR,,,,,,,,
3447,Cayleb Jones,WR,,,,,,,,
3451,Ka'imi Fairbairn,K,HOU,,,,113,api,23.5,7.7
3453,Josh Ferguson,RB,,,,,,,,
3454,Danny Anthrop,WR,,,,,,,,
3456,Joel Stave,QB,,,,,,,,
3460,Ross Martin,K,,,,,,,,
3462,Jared Dangerfield,WR,,,,,,,,
3464,Marquez North,WR,,,,,,,,
3465,Ben Braunecker,TE,,,,,,,,
3467,Taylor Bertolet,K,,,,,,,,
3475,Keyarris Garrett,WR,,,,,,,,
3476,Johnny Holton,WR,,,,,,,,
3486,Chris Brown,WR,,,,,,,,
3488,D.J. Foster,RB,,,,,,,,
3495,Mike Bercovici,QB,,,,,,,,
3496,Stephen Anderson,TE,,,,,,,,
3497,Darion Griswold,TE,,,,,,,,
3500,Devon Cajuste,WR,,,,,,,,
3503,Geronimo Allison,WR,,,,,,,,
3504,Steven Scheu,TE,,,,,,,,
3505,Dom Williams,WR,,,,,,,,
3514,Jake McGee,TE,,,,,,,,
3515,K.J. Maye,WR,,,,,,,,
3516,Mitch Mathews,WR,,,,,,,,
3520,Jay Lee,WR,,,,,,,,
3524,Marquise Williams,QB,,,,,,,,
3531,Marshaun Coprich,RB,,,,,,,,
3540,Jamaal Jones,WR,,,,,,,,
3542,DeAndre Reaves,WR,,,,,,,,
3548,Jamal Robinson,WR,,,,,,,,
3551,Max Wittek,QB,,,,,,,,
3554,David Reeves,TE,,,,,,,,
3555,Canaan Severin,WR,,,,,,,,
3556,Christian Powell,RB,,,,,,,,
3561,Bryce Williams,TE,,,,,,,,
3568,Marken Michel,WR,,,,,,,,
3570,Brandon Ross,RB,,,,,,,,
3574,John Lunsford,K,,,,,,,,
3579,Marshall Morgan,K,,,,,,,,
3582,Chester Rogers,WR,,,,,,,,
3584,Marcus Leak,WR,,,,,,,,
3588,Michael Miller,TE,,,,,,,,
3593,Anthony Kelly,WR,,,,,,,,
3594,Peyton Barber,RB,,,,,,,,
3596,Kivon Cartwright,TE,,,,,,,,
3599,Dez Stewart,WR,,,,,,,,
3606,Amir Carlisle,WR,,,,,,,,
3609,Chris King,WR,,,,,,,,
3614,Tommylee Lewis,WR,,,,,,,,
3615,Sione Houma,RB,,,,,,,,
3621,Jordan Williams-Lambert,WR,,,,,,,,
3630,Durron Neal,WR,,,,,,,,
3634,Kalif Raymond,WR,CHI,,,,23.2,api,8.45,3.15
3640,Soma Vainuku,RB,,,,,,,,
3646,Quayvon Hicks,RB,,,,,,,,
3648,Matt Weiser,TE,,,,,,,,
3652,Mike Thomas,WR,,,,,,,,
3655,Reggie Diggs,WR,,,,,,,,
3660,Valdez Showers,WR,,,,,,,,
3664,J.D. McKissic,RB,,,,,,,,
3668,Joshua Perkins,TE,NYJ,,,,,,,
3678,Wil Lutz,K,DEN,,,,100,api,21.28,6.9
3688,Tra Carson,RB,,,,,,,,
3695,J.P. Holtz,TE,,,,,,,,
3727,Dennis Parks,WR,,,,,,,,
3730,Tevin Jones,WR,,,,,,,,
3732,Richard Mullaney,WR,,,,,,,,
3762,Brandon Shippen,WR,,,,,,,,
3770,Quenton Bundrage,WR,,,,,,,,
3774,Jason Vander Laan,TE,,,,,,,,
3780,Cedric O'Neal,RB,,,,,,,,
3803,Elijhaa Penny,RB,,,,,,,,
3805,Jon Brown,K,,,,,,,,
3811,Alstevis Squirewell,RB,,,,,,,,
3816,Brandon Brown-Dukes,RB,,,,,,,,
3817,Marcus Tucker,WR,,,,,,,,
3824,Alex Ellis,TE,,,,,,,,
3827,Aldrick Rosas,K,,,,,,,,
3846,Duke Williams,WR,,,,,,,,
3852,Jaydon Mickens,WR,,,,,,,,
3859,Jalen Simmons,RB,,,,,,,,
3868,Jalen Richard,RB,LV,,,,,,,
3880,M.J. McFarland,TE,,,,,,,,
3883,Romar Morris,RB,,,,,,,,
3890,Devon Bell,K,,,,,,,,
3893,Reece Horn,WR,,,,,,,,
3894,Garrett Griffin,TE,,,,,,,,
3895,Marvin Hall,WR,,,,,,,,
3908,Eric Wallace,TE,,,,,,,,
3909,Sam Ficken,K,,,,,,,,
3916,David Watford,WR,,,,,,,,
3917,Kendal Thompson,WR,,,,,,,,
3920,Harvey Binford,WR,,,,,,,,
3921,Nick Truesdell,TE,,,,,,,,
3934,Troymaine Pope,RB,,,,,,,,
3957,Blake Sims,QB,,,,,,,,
3969,Leonard Fournette,RB,,,,,,,,
3976,Mitchell Trubisky,QB,TEN,,,,11.94,api,,
3978,Jacob Huesman,QB,,,,,,,,
4004,Chris Briggs,TE,,,,,,,,
4017,Deshaun Watson,QB,CLE,198,11,1,96.1,board,37.68,13.01
4018,Joe Mixon,RB,,,,,,,,
4026,DeShone Kizer,QB,,,,,,,,
4029,Dalvin Cook,RB,,,,,,,,
4031,Travis Wilson,TE,,,,,,,,
4033,David Njoku,TE,LAC,200,7,1,46.5,board,9.42,3.15
4034,Christian McCaffrey,RB,SF,7,8,43,256,board,57.94,18.4
4035,Alvin Kamara,RB,NO,160,8,1,53,board,12.3,2.86
4036,Corey Davis,WR,,,,,,,,
4037,Chris Godwin,WR,TB,107,10,5,139.6,board,26.15,8.83
4038,John Ross,WR,,,,,,,,
4039,Cooper Kupp,WR,SEA,228,11,1,70.4,board,19.59,6.45
4040,JuJu Smith-Schuster,WR,,,,,3.1,api,,
4042,Joe Williams,RB,,,,,,,,
4046,Patrick Mahomes,QB,KC,44,5,23,274.7,board,50.73,15.98
4050,Cyril Grayson,WR,,,,,,,,
4051,Chad Kelly,QB,,,,,,,,
4054,Mo Alie-Cox,TE,IND,,,,11.4,api,3.01,1.01
4055,O.J. Howard,TE,,,,,,,,
4061,Davis Webb,QB,,,,,,,,
4066,Evan Engram,TE,DEN,246,10,1,55.2,board,8.94,2.97
4068,Mike Williams,WR,,,,,,,,
4080,Zay Jones,WR,,,,,,,,
4082,Curtis Samuel,WR,,,,,4.3,api,,
4085,Adam Shaheen,TE,,,,,,,,
4089,Gerald Everett,TE,,,,,,,,
4098,Kareem Hunt,RB,,,,,22.7,api,,
4108,Carlos Henderson,WR,,,,,,,,
4111,D'Onta Foreman,RB,,,,,,,,
4125,Taywan Taylor,WR,,,,,,,,
4127,C.J. Beathard,QB,,,,,,,,
4128,Chad Williams,WR,,,,,,,,
4131,Kenny Golladay,WR,,,,,,,,
4137,James Conner,RB,ARI,186,14,1,51.7,board,5.28,
4139,Amara Darboh,WR,,,,,,,,
4144,Jonnu Smith,TE,GB,,,,28.4,api,4.19,1.39
4146,Dede Westbrook,WR,,,,,,,,
4147,Samaje Perine,RB,CIN,,,,62.8,api,8.59,2.85
4149,Jamaal Williams,RB,,,,,,,,
4150,Wayne Gallman,RB,,,,,,,,
4151,Jake Butt,TE,,,,,,,,
4152,Marlon Mack,RB,,,,,,,,
4153,Jordan Leggett,TE,,,,,,,,
4157,Tarik Cohen,RB,,,,,,,,
4160,Josh Malone,WR,,,,,,,,
4162,Ryan Switzer,WR,,,,,,,,
4169,Jehu Chesson,WR,,,,,,,,
4171,Josh Reynolds,WR,,,,,5,api,,
4175,Chad Hansen,WR,,,,,,,,
4177,Mack Hollins,WR,NE,,,,47.6,api,6.68,1.96
4179,Joshua Dobbs,QB,DET,,,,12.4,api,,
4183,Nathan Peterman,QB,,,,,,,,
4184,Bucky Hodges,TE,,,,,,,,
4186,T.J. Logan,RB,,,,,,,,
4187,Brian Hill,RB,,,,,,,,
4189,Eric Saubert,TE,SEA,,,,4.2,api,1.1,0.34
4195,Jake Elliott,K,PHI,,,,90,api,20.31,6.77
4197,Isaiah McKenzie,WR,,,,,,,,
4198,Jamal Agnew,WR,,,,,,,,
4199,Aaron Jones,RB,MIN,133,6,2,120.1,board,22.21,7.35
4200,DeAngelo Yancey,WR,,,,,,,,
4208,Rodney Adams,WR,,,,,,,,
4214,Shelton Gibson,WR,,,,,,,,
4217,George Kittle,TE,SF,102,8,6,138.3,board,27.87,8.22
4218,Trent Taylor,WR,,,,,,,,
4219,Jeremy McNichols,RB,WAS,,,,7.9,api,1.26,
4221,Jeremy Sprinkle,TE,,,,,,,,
4227,Harrison Butker,K,KC,,,,100,api,21.83,7.2
4229,Mason Schreck,TE,,,,,,,,
4233,Zane Gonzalez,K,,,,,36,api,,
4234,Noah Brown,WR,,,,,7.3,api,,
4252,Isaiah Ford,WR,,,,,,,,
4263,Elijah McGuire,RB,KC,,,,,,,
4273,Chris Carson,RB,,,,,,,,
4274,David Moore,WR,CAR,,,,3.3,api,0.06,
4283,Khalfani Muhammad,RB,,,,,,,,
4285,Robert Davis,WR,,,,,,,,
4289,Ishmael Zamora,WR,,,,,,,,
4301,Josh Magee,WR,,,,,,,,
4305,Tyler Renew,RB,,,,,,,,
4309,Scott Orndoff,TE,,,,,,,,
4314,Johnny Mundt,TE,PHI,,,,,,,
4319,Zach Pascal,WR,,,,,,,,
4320,James Quick,WR,,,,,,,,
4322,Dalton Crossan,RB,,,,,,,,
4323,Darrell Daniels,TE,,,,,,,,
4324,Trey Griffey,WR,,,,,,,,
4326,Bug Howard,TE,,,,,,,,
4327,Colin Jeter,TE,,,,,,,,
4328,Jerome Lane,WR,,,,,,,,
4330,JoJo Natson,WR,,,,,,,,
4335,P.J. Walker,QB,,,,,,,,
4338,Levern Jacobs,WR,,,,,,,,
4344,C.J. Board,WR,,,,,,,,
4349,Taquan Mizzell,RB,NYG,,,,,,,
4351,Tim Patrick,WR,NYJ,,,,10.7,api,1.63,0.55
4358,Austin Duke,WR,,,,,,,,
4360,Fred Ross,WR,,,,,,,,
4362,Cethan Carter,TE,,,,,,,,
4364,Karel Hamilton,WR,,,,,,,,
4367,Monty Madaris,WR,,,,,,,,
4373,Stanley Williams,RB,,,,,,,,
4381,Taysom Hill,TE,,,,,7.5,api,,
4384,Aaron Peck,TE,,,,,,,,
4385,Kalif Phillips,RB,,,,,,,,
4392,Malcolm Lewis,WR,,,,,,,,
4396,Drew Morgan,WR,,,,,,,,
4401,Damore'ea Stringfellow,WR,,,,,,,,
4406,Wes Lunt,QB,,,,,,,,
4408,Terrell Newby,RB,,,,,,,,
4409,Josiah Price,TE,,,,,,,,
4411,R.J. Shelton,WR,,,,,,,,
4416,Austin Carr,WR,,,,,,,,
4420,Cody Hollister,WR,,,,,,,,
4421,Jacob Hollister,TE,,,,,,,,
4434,Brisly Estime,WR,,,,,,,,
4435,Anthony Firkser,TE,,,,,,,,
4443,Pharaoh Brown,TE,IND,,,,,,,
4445,Keon Hatcher,WR,,,,,,,,
4453,Victor Bolden,WR,,,,,,,,
4454,Kendrick Bourne,WR,ARI,,,,61.9,api,11.72,3.87
4455,Matt Breida,RB,,,,,,,,
4456,K.D. Cannon,WR,,,,,,,,
4463,Tyler McCloskey,RB,,,,,,,,
4464,Nick Mullens,QB,JAX,,,,12.04,api,,
4468,Antony Auclair,TE,,,,,,,,
4475,Sefo Liufau,QB,,,,,,,,
4479,Thomas Sperbeck,WR,,,,,,,,
4480,Bobo Wilson,WR,,,,,,,,
4485,William Stanback,RB,,,,,,,,
4489,Gehrig Dieter,WR,,,,,,,,
4490,Wyatt Houston,TE,CAR,,,,,,,
4491,Marcus Kemp,WR,,,,,,,,
4494,Alonzo Moore,WR,,,,,,,,
4497,Tony Stevens,WR,,,,,,,,
4504,John Robinson-Woodgett,RB,,,,,,,,
4508,Gabe Marks,WR,,,,,,,,
4515,B.J. Johnson,WR,,,,,,,,
4519,Devine Redding,RB,,,,,,,,
4520,Travin Dural,WR,,,,,,,,
4526,Krishawn Hogan,WR,,,,,,,,
4528,Trevor Knight,QB,,,,,,,,
4531,Ricky Seals-Jones,TE,,,,,,,,
4533,James Summers,RB,,,,,,,,
4535,Steven Wroblewski,TE,,,,,,,,
4536,Jason Croom,TE,,,,,,,,
4537,Jordan Johnson,RB,,,,,,,,
4544,Daikiel Shorts,WR,,,,,,,,
4545,Keith Towbridge,TE,,,,,,,,
4548,Joel Bouagnon,RB,,,,,,,,
4551,Tanner Gentry,WR,,,,,,,,
4555,Andy Phillips,K,,,,,,,,
4563,Taylor McNamara,TE,,,,,,,,
4569,Brian Brown,WR,,,,,,,,
4571,Blake Jarwin,TE,,,,,,,,
4574,Cooper Rush,QB,ATL,,,,,,,
4585,Anthony Nash,WR,,,,,,,,
4588,Kyle Sloter,QB,,,,,,,,
4593,Brandon Barnes,TE,,,,,,,,
4595,Dontez Ford,WR,,,,,,,,
4599,Michael Rector,WR,,,,,,,,
4600,Noel Thomas,WR,,,,,,,,
4602,Robert Tonyan,TE,PIT,,,,1.4,api,0.13,0.04
4605,Evan Baylis,TE,,,,,,,,
4607,Zach Conque,QB,,,,,,,,
4610,Deante' Gray,WR,,,,,,,,
4613,Shaq Hill,WR,,,,,,,,
4621,Caleb Bluiett,TE,,,,,,,,
4622,Keelan Cole,WR,,,,,,,,
4623,Tim Cook,RB,,,,,,,,
4626,Amba Etta-Tawo,WR,,,,,,,,
4630,I'Tavius Mathers,RB,,,,,,,,
4636,Lenard Tillery,RB,,,,,,,,
4641,Keeon Johnson,WR,,,,,,,,
4647,Colin Thompson,TE,,,,,,,,
4650,Billy Brown,TE,,,,,,,,
4651,Corey Clement,RB,,,,,,,,
4660,Sean Culkin,TE,,,,,,,,
4663,Austin Ekeler,RB,,,,,7.8,api,,
4665,Eli Jenkins,QB,,,,,,,,
4666,Younghoe Koo,K,,,,,18,api,,
4669,Andre Patton,WR,,,,,,,,
4670,Artavis Scott,WR,,,,,,,,
4676,Darreus Rogers,WR,,,,,,,,
4678,Tyrone Swoopes,TE,,,,,,,,
4680,Larry Clark,WR,,,,,,,,
4683,Aaron Bailey,QB,BAL,,,,,,,
4696,Trey Edmunds,RB,,,,,,,,
4697,Khalid Abdullah,RB,,,,,,,,
4699,Kevin Snead,WR,,,,,,,,
4704,Tyler Ferguson,QB,,,,,,,,
4708,KeVonn Mabon,WR,,,,,,,,
4710,Gio Pascascio,WR,,,,,,,,
4718,Dare Ogunbowale,RB,LV,,,,7.2,api,,
4721,Shakeir Ryan,WR,,,,,,,,
4725,Phazahn Odom,TE,,,,,,,,
4727,Mitchell Paige,WR,,,,,,,,
4728,Bart Houston,QB,,,,,,,,
4730,Sam Cotton,TE,,,,,,,,
4733,Alex Gray,TE,,,,,,,,
4738,Colby Pearson,WR,,,,,,,,
4741,Dan Arnold,TE,,,,,,,,
4744,Barrett Burns,TE,BAL,,,,,,,
4747,Stevie Donatell,TE,,,,,,,,
4749,Cameron Posey,WR,,,,,,,,
4750,Lance Lenoir,WR,,,,,,,,
4752,Fred Brown,WR,,,,,,,,
4768,Adam Zaruba,TE,,,,,,,,
4774,De'Mard Llorens,RB,,,,,,,,
4775,David Olson,QB,,,,,,,,
4777,De'Chavon Hayes,RB,,,,,,,,
4779,Bra'Lon Cherry,WR,,,,,,,,
4785,Kermit Whitfield,WR,,,,,,,,
4786,Jhajuan Seales,WR,,,,,,,,
4787,Jordan Westerkamp,WR,,,,,,,,
4790,Robert Wheelwright,WR,,,,,,,,
4791,Darius Victor,RB,,,,,,,,
4794,Tommy Armstrong Jr.,QB,,,,,,,,
4797,Josh Rounds,RB,,,,,,,,
4798,C.J. Germany,WR,,,,,,,,
4803,Nate Iese,TE,,,,,,,,
4805,Pig Howard,WR,,,,,,,,
4806,Brandon Radcliff,RB,,,,,,,,
4807,Mike Estes,TE,,,,,,,,
4813,Marvin Bracy,WR,,,,,,,,
4814,De'Quan Hampton,WR,,,,,,,,
4815,Brian Riley,WR,,,,,,,,
4821,Jamari Staples,WR,,,,,,,,
4823,Keevan Lucas,WR,,,,,,,,
4827,Germone Hopper,WR,,,,,,,,
4828,Rashard Davis,WR,,,,,,,,
4829,Daniel Williams,WR,,,,,,,,
4831,Justice Liggins,WR,,,,,,,,
4832,Andrew Price,TE,,,,,,,,
4835,Darrius Sims,RB,,,,,,,,
4839,Mitch Leidner,QB,,,,,,,,
4853,Jerod Evans,QB,,,,,,,,
4854,River Cracraft,WR,,,,,,,,
4861,Kent Taylor,TE,,,,,,,,
4863,Josh Rosen,QB,,,,,,,,
4864,Jevoni Robinson,TE,,,,,,,,
4866,Saquon Barkley,RB,PHI,19,10,34,228.2,board,40.35,13.46
4874,Chris Bazile,TE,,,,,,,,
4878,Brandon Zylstra,WR,,,,,,,,
4881,Lamar Jackson,QB,BAL,9,13,39,318,board,58.29,19.84
4892,Baker Mayfield,QB,TB,72,10,13,261.9,board,47.2,16
4895,Lamar Atkins,WR,,,,,,,,
4910,Quincy McDuffie,WR,,,,,,,,
4917,Daryl Virgies,RB,,,,,,,,
4922,Garrett Scantling,WR,ATL,,,,,,,
4923,Rushel Shell,RB,,,,,,,,
4924,Zach Terrell,QB,BAL,,,,,,,
4926,Nick Schuessler,QB,PIT,,,,,,,
4929,Ahmad Fulwood,WR,,,,,,,,
4930,Franko House,TE,CHI,,,,,,,
4931,Austin Appleby,QB,,,,,,,,
4934,Jalen Williams,WR,,,,,,,,
4936,Skyler Howard,QB,SEA,,,,,,,
4937,Al Riles,WR,IND,,,,,,,
4938,Speedy Noil,WR,,,,,,,,
4940,DeSean Smith,TE,,,,,,,,
4942,Marcell Ateman,WR,,,,,,,,
4943,Sam Darnold,QB,SEA,86,11,11,250.7,board,48.39,15.79
4949,Derrius Guice,RB,,,,,,,,
4950,Christian Kirk,WR,SF,,,,36.9,api,2.33,
4951,DJ Chark,WR,,,,,,,,
4955,Ronald Jones,RB,,,,,,,,
4958,Brett Maher,K,,,,,,,,
4962,Sony Michel,RB,,,,,,,,
4972,Mason Rudolph,QB,PIT,,,,11.68,api,,
4973,Hayden Hurst,TE,,,,,,,,
4981,Calvin Ridley,WR,TEN,,,,63.8,api,16.62,5.54
4983,DJ Moore,WR,BUF,73,7,13,147.5,board,28.97,10
4984,Josh Allen,QB,BUF,3,7,52,351.5,board,59.82,19.96
4985,Rashaad Penny,RB,,,,,,,,
4988,Nick Chubb,RB,,,,,,,,
4992,Dante Pettis,WR,,,,,5.8,api,0.36,
4993,Mike Gesicki,TE,CIN,244,6,1,83.9,board,14.88,5
4994,Kalen Ballage,RB,,,,,,,,
4995,Ian Thomas,TE,LV,,,,3,api,0.72,0.24
4996,Kyle Lauletta,QB,,,,,,,,
4997,Mark Walton,RB,,,,,,,,
4998,DaeSean Hamilton,WR,,,,,,,,
5000,Chase Edmonds,RB,,,,,,,,
5001,Dalton Schultz,TE,HOU,150,8,1,110.2,board,22.74,7.38
5004,Ito Smith,RB,DAL,,,,,,,
5005,Jaleel Scott,WR,,,,,,,,
5007,Keke Coutee,WR,,,,,,,,
5008,Durham Smythe,TE,BAL,,,,7.4,api,1.97,0.67
5009,Chris Herndon,TE,,,,,,,,
5010,Will Dissly,TE,,,,,21.5,api,,
5012,Mark Andrews,TE,BAL,114,13,3,132.5,board,25.78,8.81
5013,Anthony Miller,WR,,,,,,,,
5022,Dallas Goedert,TE,PHI,120,10,3,109.5,board,23.45,7.81
5024,James Washington,WR,,,,,,,,
5026,Tre'Quan Smith,WR,,,,,,,,
5032,Jordan Akins,TE,,,,,,,,
5038,Michael Gallup,WR,,,,,,,,
5045,Courtland Sutton,WR,DEN,94,10,8,144.8,board,26.42,8.78
5046,Royce Freeman,RB,,,,,,,,
5052,Ronald Jones,RB,,,,,,,,
5068,Kerryon Johnson,RB,,,,,,,,
5076,John Kelly,RB,,,,,,,,
5080,Damion Ratley,WR,,,,,,,,
5086,Marquez Valdes-Scantling,WR,,,,,22.9,api,1.88,
5089,Mike White,QB,,,,,,,,
5092,Troy Fumagalli,TE,,,,,,,,
5094,Ryan Izzo,TE,,,,,,,,
5095,Daniel Carlson,K,NO,,,,104,api,12.5,7.1
5096,Ray-Ray McCloud,WR,CHI,,,,,,,
5100,Jordan Wilkins,RB,,,,,,,,
5101,Deon Cain,WR,,,,,,,,
5102,Daurice Fountain,WR,,,,,,,,
5103,Dylan Cantrell,TE,,,,,,,,
5107,Jaylen Samuels,RB,,,,,,,,
5108,Luke Falk,QB,,,,,,,,
5110,Russell Gage,WR,,,,,,,,
5111,Javon Wims,WR,,,,,,,,
5112,Bo Scarbrough,RB,,,,,,,,
5113,Cedrick Wilson,WR,,,,,,,,
5117,Jordan Thomas,TE,,,,,,,,
5119,Jason Sanders,K,NYJ,,,,34,api,13.88,
5120,Danny Etling,QB,,,,,,,,
5121,Braxton Berrios,WR,NYG,,,,,,,
5122,Boston Scott,RB,,,,,,,,
5123,Trenton Cannon,RB,,,,,,,,
5124,Alex McGough,QB,,,,,,,,
5125,Damoun Patterson,WR,,,,,,,,
5126,Austin Proehl,WR,,,,,,,,
5127,Kyle Allen,QB,BUF,,,,12,api,,
5128,Logan Woodside,QB,,,,,,,,
5129,Adonis Jennings,WR,,,,,,,,
5130,Auden Tate,WR,,,,,,,,
5131,Justin Jackson,RB,,,,,,,,
5132,Steven Mitchell,WR,,,,,,,,
5133,Tyler Conklin,TE,DET,,,,1.2,api,0.48,
5134,Keith Kirkwood,WR,,,,,,,,
5136,Josh Adams,RB,,,,,,,,
5137,Richie James,WR,,,,,,,,
5138,Martez Carter,RB,,,,,,,,
5139,Trey Quinn,WR,,,,,,,,
5140,Jaelon Acklin,WR,,,,,,,,
5142,Kurt Benkert,QB,,,,,,,,
5143,Demario Richard,RB,,,,,,,,
5144,Malik Williams,RB,,,,,,,,
5154,Trent Sherfield,WR,BUF,,,,2.9,api,0.43,
5155,Corey Willis,WR,,,,,,,,
5156,Andrew Vollert,TE,,,,,,,,
5162,Reggie Bonnafon,RB,,,,,,,,
5163,Ryan Nall,RB,,,,,,,,
5166,Da'Mari Scott,WR,,,,,,,,
5167,Dalton Sturm,QB,,,,,,,,
5168,Jordan Chunn,RB,,,,,,,,
5169,Malik Earl,WR,,,,,,,,
5170,Phillip Lindsay,RB,,,,,,,,
5171,Kevin Rader,TE,,,,,,,,
5176,Davon Grayson,WR,,,,,,,,
5185,Allen Lazard,WR,,,,,4.9,api,,
5189,Eddy Pineiro,K,SF,,,,101,api,21.83,7.21
5195,Akrum Wadley,RB,,,,,,,,
5196,Ethan Wolf,TE,,,,,,,,
5197,Rico Gafford,WR,,,,,,,,
5199,Byron Pringle,WR,,,,,,,,
5201,Terry Swanson,RB,,,,,,,,
5207,Marchie Murdock,WR,,,,,,,,
5209,Mike Boone,RB,,,,,,,,
5210,Korey Robertson,WR,,,,,,,,
5211,Jake Wieneke,WR,,,,,,,,
5217,Jason Reese,TE,,,,,,,,
5220,Godwin Igwebuike,RB,,,,,,,,
5223,Caleb Scott,WR,TEN,,,,,,,
5224,Taj Williams,WR,,,,,,,,
5228,J.T. Barrett,QB,,,,,,,,
5230,Michael Badgley,K,,,,,14,api,,
5231,Cole Hunt,TE,,,,,,,,
5233,Marcus Baugh,TE,,,,,,,,
5235,David Wells,TE,,,,,,,,
5236,Kyle Lewis,WR,,,,,,,,
5239,Lamar Jordan,QB,,,,,,,,
5241,Christian Blake,WR,,,,,,,,
5242,Dontez Byrd,WR,,,,,,,,
5243,Detrich Clark,WR,,,,,,,,
5244,Devin Gray,WR,,,,,,,,
5245,Troy Mangen,TE,,,,,,,,
5246,Jake Roh,TE,,,,,,,,
5247,David Marvin,K,,,,,,,,
5248,Gus Edwards,RB,,,,,,,,
5249,Andre Levrone,WR,,,,,,,,
5250,Robert Foster,WR,,,,,,,,
5251,Tyler Davis,K,,,,,3,api,0,0
5252,Ray Lawry,RB,,,,,,,,
5253,Jordan Franks,TE,,,,,,,,
5254,Jimmy Williams,WR,,,,,,,,
5255,Teo Redding,WR,,,,,,,,
5257,Tim Boyle,QB,,,,,,,,
5260,Vyncint Smith,WR,,,,,,,,
5261,Jester Weah,WR,,,,,,,,
5263,Chase Litton,QB,,,,,,,,
5264,Blake Mack,TE,,,,,,,,
5265,Nic Shimonek,QB,,,,,,,,
5268,Ben Johnson,TE,,,,,,,,
5269,Codey McElroy,TE,,,,,,,,
5271,Buddy Howell,RB,,,,,,,,
5272,Greg Joseph,K,,,,,,,,
5273,Kamryn Pettway,RB,,,,,,,,
5275,Jeff Badet,WR,,,,,,,,
5276,Tyler Hoppes,TE,,,,,,,,
5277,Deon Yelder,TE,,,,,,,,
5278,Jarvion Franklin,RB,,,,,,,,
5283,Ka'Raun White,WR,,,,,,,,
5284,Jeff Wilson,RB,,,,,,,,
5285,Ross Dwelley,TE,,,,,,,,
5286,Austin Allen,QB,,,,,,,,
5289,Cameron Batson,WR,,,,,,,,
5290,Deontay Burnett,WR,,,,,,,,
5292,Devin Ross,WR,,,,,,,,
5293,Jordan Veasy,WR,,,,,,,,
5294,Mikah Holder,WR,,,,,,,,
5295,De'Mornay Pierson-El,WR,,,,,,,,
5310,Antonio Callaway,WR,,,,,,,,
5322,James Looney,TE,,,,,,,,
5323,Equanimeous St. Brown,WR,,,,,,,,
5347,Nyheim Miller-Hines,RB,,,,,,,,
5358,Anthony Manzo-Lewis,TE,,,,,,,,
5359,Dorren Miller,WR,,,,,,,,
5374,Justin Watson,WR,,,,,,,,
5384,Jonah Trinnaman,WR,,,,,,,,
5385,Alec Bloom,TE,,,,,,,,
5386,Matt McCrane,K,,,,,,,,
5392,Jack Heneghan,QB,,,,,,,,
5395,Shaun Wilson,RB,,,,,,,,
5397,Trevor Moore,K,,,,,,,,
5398,Justin Crawford,RB,,,,,,,,
5401,Armanti Foreman,WR,,,,,,,,
5403,Peter Pujals,QB,,,,,,,,
5407,Ervin Philips,RB,,,,,,,,
5408,Sergio Bailey,WR,,,,,,,,
5409,Tanner Hudson,TE,CIN,,,,4.3,api,1.04,
5425,John Diarse,WR,,,,,,,,
5427,LaQuvionte Gonzalez,WR,,,,,,,,
5428,Ricky Jeune,WR,,,,,,,,
5431,Shay Fields,WR,,,,,,,,
5432,Cam Sims,WR,,,,,,,,
5460,Kaare Vedvik,K,,,,,,,,
5462,Christopher Ezeala,RB,,,,,,,,
5463,Mark Thompson,RB,,,,,,,,
5464,De'Lance Turner,RB,,,,,,,,
5465,Nick Keizer,TE,,,,,,,,
5468,Christian Scotland-Williamson,TE,,,,,,,,
5530,Evan Berry,WR,,,,,,,,
5536,Dontrell Hilliard,RB,,,,,,,,
5539,Derrick Willies,WR,,,,,,,,
5547,Ryan Smith,TE,,,,,,,,
5548,Elijah Marks,WR,,,,,,,,
5549,Darrel Williams,RB,,,,,,,,
5550,John David Moore,RB,,,,,,,,
5558,Marcus Martin,RB,,,,,,,,
5570,Chad Beebe,WR,,,,,,,,
5587,Chris Warren,RB,,,,,,,,
5590,Jordan Smallwood,WR,,,,,,,,
5597,Brogan Roback,QB,,,,,,,,
5608,Devonte Boyd,WR,,,,,,,,
5609,Stephen Baggett,TE,,,,,,,,
5612,Anthony Mahoungou,WR,,,,,,,,
5618,Larry Rose,RB,,,,,,,,
5619,Dalyn Dawkins,RB,,,,,,,,
5637,Garrett Johnson,WR,,,,,,,,
5638,Shaq Roland,WR,CHI,,,,,,,
5661,Chris Lacy,WR,,,,,,,,
5663,Shane Wimann,RB,,,,,,,,
5692,Ryan Santoso,K,,,,,,,,
5695,Brandon Powell,WR,,,,,,,,
5697,Zach Olstad,RB,,,,,,,,
5699,Matt Fleming,WR,,,,,,,,
5700,Robert Martin,RB,,,,,,,,
5703,Deontez Alexander,WR,,,,,,,,
5705,John Franklin,WR,,,,,,,,
5709,Luis Perez,QB,,,,,,,,
5710,Nick Holley,WR,,,,,,,,
5714,Tim Wilson,WR,,,,,,,,
5718,Ryan Yurachek,TE,,,,,,,,
5722,Darvin Kidsy,WR,,,,,,,,
5733,Clayton Wilson,TE,,,,,,,,
5734,C.J. Duncan,WR,,,,,,,,
5744,Eldridge Massington,WR,NO,,,,,,,
5745,Nick Stevens,QB,,,,,,,,
5747,Kayaune Ross,WR,,,,,,,,
5750,Garrett Hudson,TE,,,,,,,,
5751,Austin Roberts,TE,,,,,,,,
5752,Sherman Badie,RB,,,,,,,,
5754,Jaeden Graham,TE,,,,,,,,
5756,Garrett Dickerson,TE,,,,,,,,
5760,Josh Crockett,WR,,,,,,,,
5762,Josh Smith,WR,,,,,,,,
5772,Aaron Lacombe,WR,,,,,,,,
5773,KhaDarel Hodge,WR,SF,,,,,,,
5774,Cam Serigne,TE,,,,,,,,
5775,Jared Murphy,WR,,,,,,,,
5776,Mark Chapman,WR,,,,,,,,
5777,Malachi Jones,WR,,,,,,,,
5781,Malik Turner,WR,,,,,,,,
5785,James Butler,RB,,,,,,,,
5786,Marcus Peterson,WR,,,,,,,,
5787,Bryce Bobo,WR,,,,,,,,
5791,Gerald Holmes,RB,,,,,,,,
5796,Austin Wolf,WR,,,,,,,,
5798,Darren Carrington,WR,,,,,,,,
5799,Darius Prince,WR,,,,,,,,
5800,Justin Stockton,RB,,,,,,,,
5801,Kobe McCrary,RB,,,,,,,,
5804,Julian Williams,WR,,,,,,,,
5806,John Wolford,QB,,,,,,,,
5808,Connor Jessop,QB,,,,,,,,
5809,Ja'Quan Gardner,RB,,,,,,,,
5823,Tristan Vizcaino,K,,,,,,,,
5828,Diontae Spencer,WR,,,,,,,,
5831,Bryant Mitchell,WR,,,,,,,,
5837,Redford Jones,K,,,,,,,,
5838,Phillip Andersen,K,,,,,,,,
5844,T.J. Hockenson,TE,MIN,154,6,1,122,board,19.75,6.55
5846,DK Metcalf,WR,PIT,89,9,10,152.3,board,29.9,10.08
5848,Marquise Brown,WR,PHI,,,,55,api,6.92,2.64
5849,Kyler Murray,QB,MIN,82,6,12,273.1,board,49.13,16.23
5850,Josh Jacobs,RB,GB,39,11,25,186.1,board,25.65,
5854,Drew Lock,QB,SEA,,,,,,,
5857,Noah Fant,TE,NO,,,,29.1,api,7.89,2.65
5859,A.J. Brown,WR,NE,26,11,31,207.7,board,41.23,14.1
5863,J.J. Arcega-Whiteside,WR,,,,,,,,
5870,Daniel Jones,QB,IND,111,13,4,212.5,board,44.9,14.75
5872,Deebo Samuel,WR,SF,139,8,1,127.7,board,26.2,8.37
5873,Riley Ridley,WR,,,,,,,,
5878,N'Keal Harry,TE,,,,,,,,
5880,Parris Campbell,WR,,,,,,,,
5884,Kelvin Harmon,WR,,,,,,,,
5885,Ryan Finley,QB,,,,,,,,
5886,Hakeem Butler,TE,,,,,,,,
5889,Bryce Love,RB,,,,,,,,
5890,Damien Harris,RB,,,,,,,,
5892,David Montgomery,RB,HOU,67,8,14,190.1,board,39.29,13.21
5902,Penny Hart,WR,,,,,,,,
5903,Will Grier,QB,,,,,,,,
5906,Dawson Knox,TE,BUF,,,,62.4,api,11.83,4.03
5911,Jalen Hurd,WR,,,,,,,,
5915,Andy Isabella,WR,,,,,,,,
5916,Darrell Henderson,RB,,,,,,,,
5917,Mecole Hardman,WR,,,,,,,,
5918,Rodney Anderson,RB,,,,,,,,
5919,Elijah Holyfield,RB,,,,,,,,
5924,Emanuel Hall,WR,,,,,,,,
5927,Terry McLaurin,WR,WAS,68,7,14,176.8,board,34.17,11.2
5929,Anthony Johnson,WR,,,,,,,,
5937,Diontae Johnson,WR,,,,,,,,
5938,Lil'Jordan Humphrey,WR,DEN,,,,20,api,4.98,1.65
5941,Felton Davis,WR,,,,,,,,
5947,Jakobi Meyers,WR,JAX,123,7,2,137.3,board,24.84,8.43
5950,Nyqwan Murray,WR,,,,,,,,
5955,Hunter Renfrow,WR,,,,,,,,
5957,Isaac Nauta,TE,GB,,,,,,,
5961,Jalin Moore,RB,,,,,,,,
5962,KeeSean Johnson,WR,,,,,,,,
5965,Miles Boykin,WR,,,,,,,,
5967,Tony Pollard,RB,TEN,97,9,8,146.1,board,27.58,9.07
5970,Greg Dortch,WR,BUF,,,,37.6,api,4.99,
5973,Josh Oliver,TE,MIN,,,,24.9,api,5.89,1.95
5974,Trace McSorley,QB,,,,,,,,
5975,Alize Mack,TE,,,,,,,,
5976,Karan Higdon,RB,,,,,,,,
5977,Terry Godwin,WR,,,,,,,,
5980,Myles Gaskin,RB,,,,,,,,
5984,Anthony Ratliff-Williams,WR,,,,,,,,
5985,Foster Moreau,TE,HOU,,,,7.3,api,1.93,0.63
5987,Alexander Mattison,RB,,,,,,,,
5995,Justice Hill,RB,BAL,,,,55.7,api,12.23,4.16
5997,Jazz Ferguson,WR,,,,,,,,
6001,Drew Sample,TE,CIN,,,,25.1,api,4.84,1.63
6002,Qadree Ollison,RB,,,,,,,,
6007,Ryquell Armstead,RB,,,,,,,,
6011,Gardner Minshew,QB,ARI,,,,27.96,api,,
6012,Travis Homer,RB,PIT,,,,,,,
6016,Dax Raymond,TE,PIT,,,,,,,
6017,DaMarkus Lodge,WR,,,,,,,,
6018,Zach Gentry,TE,,,,,,,,
6019,Johnnie Dixon,WR,,,,,,,,
6021,Nick Brossette,RB,,,,,,,,
6031,Alex Barnes,RB,,,,,,,,
6032,Keelan Doss,WR,,,,,,,,
6036,Ryan Davis,WR,,,,,,,,
6037,Brett Rypien,QB,,,,,,,,
6039,Ty Johnson,RB,BUF,,,,47.3,api,10.46,3.4
6040,Tyree Jackson,TE,,,,,,,,
6045,Gary Jennings,WR,LAC,,,,,,,
6047,Dillon Mitchell,WR,,,,,,,,
6049,Tyre Brady,WR,,,,,,,,
6059,Travis Fulgham,WR,,,,,,,,
6063,Tyron Billy-Johnson,WR,,,,,,,,
6068,Devine Ozigbo,RB,,,,,,,,
6069,Stanley Morgan,WR,,,,,,,,
6072,Bruce Anderson,RB,,,,,,,,
6074,Donald Parham,TE,,,,,,,,
6075,Jesper Horsted,TE,,,,,,,,
6081,Kendall Blanton,TE,,,,,,,,
6083,Matt Gay,K,LV,,,,75,api,21.52,7.52
6088,Bisi Johnson,WR,,,,,,,,
6089,Daniel Helm,TE,,,,,,,,
6097,Jamal Custis,WR,,,,,,,,
6107,Emmanuel Butler,WR,,,,,,,,
6108,Jacques Patrick,RB,,,,,,,,
6111,Jake Browning,QB,,,,,,,,
6115,Wes Hills,RB,,,,,,,,
6126,Irv Smith,TE,,,,,,,,
6130,Devin Singletary,RB,NYG,,,,25.6,api,2.35,0.8
6136,Jarrett Stidham,QB,DEN,,,,12.22,api,,
6137,Tommy Sweeney,TE,,,,,,,,
6139,Jace Sternberger,TE,,,,,,,,
6142,Caleb Wilson,TE,,,,,,,,
6144,Trayveon Williams,RB,,,,,,,,
6146,Kaden Smith,TE,,,,,,,,
6147,Clayton Thorson,QB,NYG,,,,,,,
6148,Preston Williams,WR,,,,,,,,
6149,Darius Slayton,WR,NYG,,,,63.3,api,9.39,3.11
6151,Miles Sanders,RB,,,,,,,,
6153,Dexter Williams,RB,,,,,,,,
6154,David Sills,WR,TB,,,,22.4,api,0.78,
6155,Jaylen Smith,WR,,,,,,,,
6156,Benny Snell,RB,,,,,,,,
6159,Mike Weber,RB,,,,,,,,
6161,L.J. Scott,RB,,,,,,,,
6163,Alex Wesley,WR,,,,,,,,
6164,Kahale Warring,TE,,,,,,,,
6165,Antoine Wesley,WR,,,,,,,,
6167,Jordan Scarlett,RB,MIA,,,,,,,
6168,John Ursua,WR,,,,,,,,
6171,Cody Thompson,WR,,,,,,,,
6175,Kerrith Whyte,RB,GB,,,,,,,
6178,Darwin Thompson,RB,,,,,,,,
6181,Trevon Wesco,TE,,,,,,,,
6185,Easton Stick,QB,TB,,,,,,,
6187,Aca'Cedric Ware,RB,,,,,,,,
6192,Chris Blewitt,K,,,,,,,,
6193,Cole Murphy,K,,,,,,,,
6195,Damon Sheehy-Guiseppi,WR,,,,,,,,
6196,Christian Wade,RB,,,,,,,,
6203,Valentine Holmes,RB,,,,,,,,
6205,Brandon Silvers,QB,,,,,,,,
6208,Elliott Fry,K,,,,,,,,
6209,Ishmael Hyman,WR,,,,,,,,
6219,Austin Seibert,K,,,,,,,,
6223,Juwann Winfree,WR,,,,,,,,
6227,Nick Easley,WR,,,,,,,,
6231,John Lovett,QB,,,,,,,,
6233,Matt Sokol,TE,,,,,,,,
6234,Deonte Harty,WR,,,,,,,,
6236,Travon McMillian,RB,,,,,,,,
6237,Wilton Speight,QB,,,,,,,,
6238,Tyree Mayfield,TE,,,,,,,,
6239,Malik Taylor,WR,,,,,,,,
6246,Jeremy Cox,RB,,,,,,,,
6247,Jason Moore,WR,,,,,,,,
6248,Trevion Thompson,WR,,,,,,,,
6259,Darnell Holland,RB,,,,,,,,
6260,Jake Powell,TE,,,,,,,,
6261,Reggie White,WR,,,,,,,,
6263,Trevor Wood,TE,,,,,,,,
6268,Matthew Wright,K,,,,,,,,
6269,Kyle Shurmur,QB,,,,,,,,
6271,Olamide Zaccheaus,WR,ATL,,,,60.8,api,10.49,3.91
6279,Brandon Dillon,TE,,,,,,,,
6288,Marcus Green,WR,,,,,,,,
6290,Scotty Miller,WR,CHI,,,,,,,
6293,Cullen Gillaspia,RB,,,,,,,,
6308,Ian Bunting,TE,,,,,,,,
6311,Patrick Laird,RB,,,,,,,,
6317,Jacob Dolegala,QB,,,,,,,,
6318,Jordan Ellis,RB,,,,,,,,
6320,Jonathan Duhart,WR,,,,,,,,
6322,Xavier Ubosi,WR,,,,,,,,
6323,Andrew Beck,RB,NYJ,,,,,,,
6334,Damarea Crockett,RB,,,,,,,,
6342,Stephen Louis,WR,,,,,,,,
6343,Manny Wilkins,QB,,,,,,,,
6352,Matt Colburn,RB,,,,,,,,
6357,Shawn Bane,WR,,,,,,,,
6358,Kahlil Lewis,WR,,,,,,,,
6359,C.J. Worton,WR,,,,,,,,
6361,Raphael Leonard,WR,,,,,,,,
6362,Dredrick Snelson,WR,,,,,,,,
6363,Michael Walker,WR,,,,,,,,
6364,Papi White,WR,,,,,,,,
6365,Carson Meier,TE,,,,,,,,
6370,Damion Jeanpiere,WR,,,,,,,,
6371,Drew Anderson,QB,,,,,,,,
6372,Xavier Turner,RB,,,,,,,,
6373,A.J. Richardson,WR,,,,,,,,
6374,Drew Belcher,TE,,,,,,,,
6375,Jerome Washington,TE,,,,,,,,
6380,Davion Davis,WR,,,,,,,,
6381,Alexander Hollins,WR,,,,,,,,
6384,Justin Sumpter,WR,,,,,,,,
6385,Matt Colburn,RB,,,,,,,,
6386,Alex Bachman,WR,LAR,,,,,,,
6387,Nsimba Webster,WR,,,,,,,,
6388,Romello Brooker,TE,,,,,,,,
6389,Keenen Brown,TE,,,,,,,,
6392,Johnathan Lloyd,WR,,,,,,,,
6394,Romell Guerrier,WR,,,,,,,,
6395,Trinity Benson,WR,,,,,,,,
6396,Austin Fort,TE,,,,,,,,
6399,Kano Dillon,TE,,,,,,,,
6401,T.J. Rahming,WR,,,,,,,,
6402,Steven Sims,WR,,,,,,,,
6420,Jon'Vea Johnson,WR,,,,,,,,
6421,Jalen Guyton,WR,,,,,,,,
6427,Ashton Dulin,WR,IND,,,,2.5,api,3.68,1.23
6438,Kelvin McKnight,WR,,,,,,,,
6439,Hale Hentges,TE,,,,,,,,
6443,Eric Dungey,QB,,,,,,,,
6446,Jon Hilliman,RB,,,,,,,,
6448,Darrin Hall,RB,,,,,,,,
6449,Dorian Baker,WR,,,,,,,,
6450,David Blough,QB,,,,,,,,
6451,Stephen Carlson,TE,CHI,,,,,,,
6453,D.J. Montgomery,WR,IND,,,,,,,
6459,Sean Modster,WR,,,,,,,,
6460,Cole Herdman,TE,,,,,,,,
6462,Ellis Richardson,TE,,,,,,,,
6465,Thomas Ives,WR,CHI,,,,,,,
6468,Matthew Eaton,WR,,,,,,,,
6469,Davis Koppenhaver,TE,,,,,,,,
6487,Charles Scarff,TE,,,,,,,,
6489,Taryn Christion,QB,,,,,,,,
6490,Mik'Quan Deane,TE,,,,,,,,
6491,Adam Choice,RB,,,,,,,,
6492,Terry Wright,WR,,,,,,,,
6493,Justin Johnson,TE,,,,,,,,
6496,Cole Hedlund,K,,,,,,,,
6501,C.J. Conrad,TE,,,,,,,,
6506,Trayone Gray,RB,,,,,,,,
6519,Darrius Shepherd,WR,,,,,,,,
6522,T.J. Linta,QB,,,,,,,,
6524,Jamire Jordan,WR,,,,,,,,
6528,Joey Slye,K,TEN,,,,84,api,19.35,6.67
6529,Chris Myarick,TE,LV,,,,,,,
6535,Nate Becker,TE,,,,,,,,
6539,Devontae Jackson,RB,,,,,,,,
6540,DeAndre Thompkins,WR,GB,,,,,,,
6548,Marcus Marshall,RB,,,,,,,,
6549,Damion Willis,WR,,,,,,,,
6552,Malik Henry,WR,,,,,,,,
6553,Austin Walter,RB,,,,,,,,
6554,Shawn Poindexter,WR,,,,,,,,
6557,Jeff Smith,WR,,,,,,,,
6585,Tony Brooks-James,RB,,,,,,,,
6586,Moral Stephens,TE,,,,,,,,
6588,Tom Kennedy,WR,DET,,,,,,0.17,
6590,Michael Colubiale,TE,,,,,,,,
6591,Charles Jones,TE,,,,,,,,
6592,Dontae Strickland,RB,,,,,,,,
6593,Spencer Schnell,WR,,,,,,,,
6595,Devlin Hodges,QB,,,,,,,,
6596,Jalan McClendon,QB,,,,,,,,
6598,Trenton Irwin,WR,,,,,,,,
6605,Cortrelle Simpson,WR,,,,,,,,
6606,Nick Fitzgerald,QB,,,,,,,,
6617,Andre Lindsey,WR,,,,,,,,
6618,Isaiah Searight,TE,,,,,,,,
6621,John Baron,K,,,,,,,,
6625,Clayton Hatfield,K,,,,,,,,
6626,Isaac Zico,WR,,,,,,,,
6628,Ventell Bryant,WR,,,,,,,,
6629,Brian Burt,WR,,,,,,,,
6637,Nico Evans,RB,,,,,,,,
6650,Chase McLaughlin,K,TB,,,,105,api,21.48,7.1
6659,Craig Reynolds,RB,WAS,,,,3.4,api,,
6661,Joseph Parker,WR,,,,,,,,
6662,Parker Hesse,TE,,,,,,,,
6663,Micah Wright,WR,,,,,,,,
6664,A.J. Ouellette,RB,,,,,,,,
6665,Jody Fortson,TE,,,,,,,,
6685,Jalen Greene,WR,,,,,,,,
6686,Joe Horn,WR,,,,,,,,
6692,Joe Horn,WR,,,,,,,,
6694,D'Ernest Johnson,RB,,,,,,,,
6697,Floyd Allen,WR,,,,,,,,
6699,Gunner Olszewski,WR,NYG,,,,,,,
6700,Marcelias Sutton,RB,,,,,,,,
6701,Fred Trevillion,WR,,,,,,,,
6705,Taj McGowan,RB,,,,,,,,
6710,Josh Caldwell,RB,,,,,,,,
6712,Marcus Simms,WR,,,,,,,,
6713,Jamarius Way,WR,,,,,,,,
6723,Vincent Testaverde,QB,,,,,,,,
6727,Joe Walker,WR,,,,,,,,
6728,Jackson Harris,TE,,,,,,,,
6730,Jordan Ta'amu,QB,,,,,,,,
6737,Micky Crum,TE,,,,,,,,
6742,Marquis Young,RB,,,,,,,,
6744,Greg Ward,WR,,,,,,,,
6753,Derrick Gore,RB,,,,,,,,
6755,Tavonn Salter,WR,,,,,,,,
6762,Darion Clark,TE,,,,,,,,
6763,Reggie Begelton,WR,,,,,,,,
6768,Tua Tagovailoa,QB,ATL,170,11,1,129.9,board,46.27,14.9
6770,Joe Burrow,QB,CIN,14,6,35,296.1,board,55.81,18.85
6778,Chris Streveler,QB,,,,,,,,
6783,Jerry Jeudy,WR,CLE,188,11,1,98.1,board,15.28,5.37
6786,CeeDee Lamb,WR,DAL,13,14,35,222.5,board,42.75,14.06
6789,Henry Ruggs,WR,,,,,,,,
6790,D'Andre Swift,RB,CHI,65,10,14,189.5,board,33.94,12.19
6794,Justin Jefferson,WR,MIN,15,6,35,205.4,board,41.52,13.74
6797,Justin Herbert,QB,LAC,32,7,27,285.5,board,50.73,17.01
6798,Jalen Reagor,WR,,,,,,,,
6801,Tee Higgins,WR,CIN,48,6,22,186.9,board,39.4,13.28
6803,Brandon Aiyuk,WR,SF,,,,41.6,api,,
6804,Jordan Love,QB,GB,70,11,14,268.5,board,49.44,16.2
6805,KJ Hamler,WR,,,,,,,,
6806,J.K. Dobbins,RB,DEN,109,10,5,147.2,board,22.06,7.39
6813,Jonathan Taylor,RB,IND,8,13,40,254.3,board,51.9,16.74
6814,Laviska Shenault,WR,,,,,,,,
6819,Michael Pittman,WR,PIT,121,9,2,136.4,board,25.67,8.63
6820,Clyde Edwards-Helaire,RB,,,,,0.8,api,,
6822,Jake Fromm,QB,,,,,,,,
6823,Jacob Eason,QB,,,,,,,,
6824,Donovan Peoples-Jones,WR,,,,,,,,
6826,Cole Kmet,TE,CHI,,,,62.7,api,10.56,3.54
6828,AJ Dillon,RB,CAR,,,,,,,
6832,Kalija Lipscomb,WR,,,,,,,,
6834,Jared Pinkney,TE,,,,,,,,
6843,Albert Okwuegbunam,TE,LV,,,,,,,
6845,Zack Moss,RB,,,,,,,,
6846,Hunter Bryant,TE,,,,,,,,
6847,Devin Duvernay,WR,ARI,,,,-1.4,api,0.58,0.19
6849,Denzel Mims,WR,,,,,,,,
6850,Harrison Bryant,TE,,,,,3,api,,
6853,Van Jefferson,WR,,,,,5.3,api,0.13,
6857,Collin Johnson,WR,,,,,,,,
6865,Colby Parkinson,TE,LAR,225,11,1,61.8,board,12.95,4.32
6866,KJ Hill,WR,LAC,,,,,,,
6869,Adam Trautman,TE,DEN,,,,22.3,api,5.15,1.71
6870,Bryan Edwards,WR,,,,,,,,
6873,Austin Mack,WR,,,,,,,,
6878,Anthony McFarland,RB,,,,,,,,
6879,Quartney Davis,WR,,,,,,,,
6885,Ke'Shawn Vaughn,RB,,,,,,,,
6886,Chase Claypool,WR,,,,,,,,
6892,Nate Stanley,QB,,,,,,,,
6894,Mitchell Wilcox,TE,,,,,,,,
6895,Quintez Cephus,WR,,,,,,,,
6898,Anthony Gordon,QB,,,,,,,,
6904,Jalen Hurts,QB,PHI,28,10,28,302.5,board,56.21,18.9
6906,Antonio Gandy-Golden,TE,,,,,,,,
6908,La'Mical Perine,RB,,,,,,,,
6909,Lynn Bowden,WR,,,,,,,,
6913,Joe Reed,WR,,,,,,,,
6918,Salvon Ahmed,RB,CHI,,,,,,,
6919,Thaddeus Moss,TE,,,,,,,,
6920,Isaiah Hodgins,WR,,,,,7.2,api,0.79,
6926,Brycen Hopkins,TE,,,,,,,,
6927,Quez Watkins,WR,,,,,,,,
6931,DeeJay Dallas,RB,MIN,,,,,,0.37,
6932,Charlie Taumoepeau,TE,,,,,,,,
6938,Cam Akers,RB,,,,,4.1,api,,
6939,Binjimen Victor,WR,,,,,,,,
6943,Gabe Davis,WR,,,,,,,,
6945,Antonio Gibson,RB,,,,,2.9,api,,
6951,Eno Benjamin,RB,,,,,,,,
6954,Cole McDonald,QB,,,,,,,,
6955,James Robinson,RB,,,,,,,,
6956,Devin Asiasi,TE,,,,,,,,
6957,James Proche,WR,,,,,0.6,api,,
6959,LeVante Bellamy,RB,,,,,,,,
6960,Tyler Johnson,WR,,,,,5,api,0.38,
6963,Patrick Taylor,RB,,,,,,,,
6964,Sean McKeon,TE,IND,,,,,,,
6966,Javon Leake,RB,,,,,,,,
6967,Aaron Fuller,WR,,,,,,,,
6970,Stephen Sullivan,TE,,,,,,,,
6973,J.J. Taylor,RB,,,,,,,,
6982,Cheyenne O'Grady,TE,,,,,,,,
6984,Tony Jones,RB,,,,,,,,
6985,Dezmon Patmon,WR,,,,,,,,
6988,Raymond Calais,RB,,,,,,,,
6989,Marquez Callaway,WR,,,,,,,,
6992,Michael Warren,RB,DET,,,,,,,
6993,Dominick Wood-Anderson,TE,,,,,,,,
6996,JaMycal Hasty,RB,,,,,,,,
7001,Brian Herrien,RB,,,,,,,,
7002,Juwan Johnson,TE,NO,148,8,1,112.9,board,23.61,8.2
7005,Scottie Phillips,RB,,,,,,,,
7008,Brian Lewerke,QB,,,,,,,,
7009,Trishton Jackson,WR,,,,,,,,
7013,Steven Montez,QB,,,,,,,,
7015,Jacob Breeland,TE,,,,,,,,
7021,Rico Dowdle,RB,PIT,100,9,6,142.1,board,32.66,10.93
7032,Tyrie Cleveland,WR,,,,,,,,
7035,Kendrick Rogers,WR,,,,,,,,
7038,Darius Anderson,RB,,,,,,,,
7039,Cody White,WR,LV,,,,6.5,api,0.59,
7042,Tyler Bass,K,BUF,,,,103,api,21.69,7.04
7045,Joshua Kelley,RB,,,,,,,,
7048,Benny LeMay,RB,CLE,,,,,,,
7049,Jauan Jennings,WR,MIN,179,6,1,86.2,board,20.33,6.75
7050,Josiah Deguara,TE,,,,,,,,
7056,Darrell Stewart,WR,,,,,,,,
7062,Rodrigo Blankenship,K,,,,,,,,
7063,Shea Patterson,QB,,,,,,,,
7064,Darrynton Evans,RB,,,,,,,,
7065,Eli Wolf,TE,,,,,,,,
7066,K.J. Osborn,WR,TEN,,,,,,,
7071,JJ Molson,K,,,,,,,,
7075,Charlie Woerner,TE,ATL,,,,6,api,1.83,0.59
7076,Jeff Thomas,WR,,,,,,,,
7078,Tony Brown,WR,,,,,,,,
7079,Pete Guerriero,RB,,,,,,,,
7080,Omar Bayless,WR,,,,,,,,
7081,James Morgan,QB,,,,,,,,
7082,Dalton Keene,TE,,,,,,,,
7083,Tyler Huntley,QB,BAL,,,,12.68,api,,
7084,Jake Luton,QB,,,,,,,,
7085,Isaiah Coulter,WR,,,,,,,,
7086,John Hightower,WR,,,,,,,,
7087,Jonathan Ward,RB,BAL,,,,,,,
7088,Xavier Jones,RB,,,,,,,,
7090,Darnell Mooney,WR,NYG,,,,60.9,api,12.98,4.31
7091,Aaron Parker,WR,,,,,,,,
7092,Chris Finke,WR,,,,,,,,
7093,Adrian Killins,RB,DEN,,,,,,,
7094,Lirim Hajrullahu,K,,,,,,,,
7095,Austin MacGinnis,K,,,,,,,,
7098,Ty'Son Williams,RB,,,,,,,,
7100,Derrick Dillon,WR,,,,,,,,
7101,Rodney Smith,RB,,,,,,,,
7103,Tavien Feaster,RB,ARI,,,,,,,
7105,Ramiz Ahmed,K,,,,,,,,
7106,Lawrence Cager,TE,,,,,,,,
7107,Jason Huntley,RB,,,,,,,,
7109,Malcolm Perry,WR,,,,,,,,
7121,Justin Rohrwasser,K,,,,,,,,
7131,Tyler Davis,TE,,,,,,,,
7135,Freddie Swain,WR,,,,,,,,
7143,Ben DiNucci,QB,,,,,,,,
7149,Tommy Stevens,TE,NYG,,,,,,,
7152,Sam Sloman,K,,,,,,,,
7156,J'Mar Smith,QB,,,,,,,,
7157,Josh Love,QB,,,,,,,,
7158,Riley Neal,QB,,,,,,,,
7159,Reid Sinnett,QB,,,,,,,,
7161,Shane Leatherbury,WR,,,,,,,,
7162,Ryan Becker,TE,,,,,,,,
7172,Mikey Daniel,RB,,,,,,,,
7173,Jalen McCleskey,WR,,,,,,,,
7174,Juwan Green,WR,,,,,,,,
7175,Chris Rowland,WR,,,,,,,,
7176,Caleb Repp,TE,,,,,,,,
7190,Bronson Rechsteiner,RB,,,,,,,,
7191,Jaylon Moore,WR,,,,,,,,
7201,Nick Vogel,K,,,,,,,,
7204,Reggie Gilliam,RB,NE,,,,,,,
7210,Kendall Hinton,WR,,,,,,,,
7211,Zimari Manning,WR,,,,,,,,
7217,Trevontae Hights,WR,,,,,,,,
7218,Cam Sutton,TE,,,,,,,,
7227,Artavis Pierce,RB,,,,,,,,
7228,Ahmad Wagner,WR,,,,,,,,
7233,Andre Baccellia,WR,,,,,,,,
7234,Maurice Ffrench,WR,,,,,,,,
7235,Aleva Hifo,WR,,,,,,,,
7236,Devwah Whaley,RB,,,,,,,,
7237,Scotty Washington,WR,,,,,,,,
7243,Kevin Davidson,QB,,,,,,,,
7244,Ja'Marcus Bradley,WR,,,,,,,,
7245,Nate Wieting,TE,,,,,,,,
7262,Jalen Morton,QB,IND,,,,,,,
7272,Dylan Stapleton,TE,,,,,,,,
7274,Tyler Simmons,WR,,,,,,,,
7279,DeMichael Harris,WR,,,,,,,,
7286,Marvelle Ross,WR,,,,,,,,
7287,Josh Hammond,WR,,,,,,,,
7288,Ben Ellefson,TE,,,,,,,,
7299,Justice Shelton-Mosley,WR,,,,,,,,
7308,Nick Bowers,TE,,,,,,,,
7309,Siaosi Mariner,WR,,,,,,,,
7314,Dominik Eberle,K,,,,,,,,
7316,Darius Bradwell,RB,,,,,,,,
7317,Jared Rice,TE,,,,,,,,
7319,Jeff Cotton,WR,,,,,,,,
7320,Dalton Schoen,WR,,,,,,,,
7334,Earnest Edwards,WR,,,,,,,,
7335,Bryce Perkins,QB,,,,,,,,
7336,James Gilbert,RB,,,,,,,,
7337,Easop Winston,WR,,,,,,,,
7339,J.J. Koski,WR,,,,,,,,
7340,Brandon Polk,WR,,,,,,,,
7351,Kirk Merritt,WR,,,,,,,,
7352,Matt Cole,WR,,,,,,,,
7353,Bryce Sterk,TE,,,,,,,,
7357,Dan Chisena,WR,,,,,,,,
7359,Nakia Griffin-Stewart,TE,,,,,,,,
7367,Will Hastings,WR,,,,,,,,
7368,Sean Riley,WR,,,,,,,,
7370,JoJo Ward,WR,,,,,,,,
7376,Case Cookus,QB,,,,,,,,
7378,Kyle Markway,TE,,,,,,,,
7379,Rysen John,TE,,,,,,,,
7387,George Campbell,WR,,,,,,,,
7394,Jermiah Braswell,WR,,,,,,,,
7395,Rashad Medaris,WR,,,,,,,,
7396,Devin Phelps,WR,,,,,,,,
7397,Parker Houston,TE,,,,,,,,
7400,Manasseh Bailey,WR,,,,,,,,
7401,Khalil Tate,WR,,,,,,,,
7404,Noah Togiai,TE,,,,,,,,
7407,Isaiah Wright,WR,,,,,,,,
7412,Sandro Platzgummer,RB,,,,,,,,
7414,Johnathon Johnson,WR,,,,,,,,
7418,Broc Rutter,QB,,,,,,,,
7424,Anthony Jones,RB,,,,,,,,
7425,Patrick Carr,RB,,,,,,,,
7426,Seth Dawkins,WR,,,,,,,,
7427,Tyler Mabry,TE,,,,,,,,
7435,Cameron Scarlett,RB,,,,,,,,
7436,Mason Kinsey,WR,,,,,,,,
7438,Kristian Wilkerson,WR,,,,,,,,
7439,Tommy Hudson,TE,,,,,,,,
7446,Tucker McCann,K,,,,,,,,
7452,Josh Pearson,WR,,,,,,,,
7454,Travis Jonsen,WR,,,,,,,,
7455,John Hurst,WR,,,,,,,,
7457,Michael Dereus,WR,,,,,,,,
7458,Isaiah Zuber,WR,,,,,,,,
7460,Jake Burt,TE,,,,,,,,
7462,Stephen Guidry,WR,,,,,,,,
7464,Connor Slomka,RB,,,,,,,,
7465,Nick Tiano,QB,,,,,,,,
7466,Nathan Cottrell,RB,,,,,,,,
7475,Napoleon Maxwell,RB,,,,,,,,
7481,Chase Harrell,TE,,,,,,,,
7483,Farrod Green,TE,,,,,,,,
7496,Nick Westbrook-Ikhine,WR,IND,,,,24.5,api,1.85,
7499,Paul Quessenberry,TE,,,,,,,,
7502,Dominique Dafney,TE,,,,,,,,
7503,Connor Davis,TE,,,,,,,,
7515,Sergio Castillo,K,,,,,,,,
7518,Taylor Russolino,K,,,,,,,,
7521,Chris Blair,WR,ATL,,,,,,,
7522,Hunter Thedford,TE,,,,,,,,
7523,Trevor Lawrence,QB,JAX,41,7,24,291.4,board,49.14,16.65
7525,DeVonta Smith,WR,PHI,51,10,21,189.2,board,36.74,12.16
7526,Jaylen Waddle,WR,DEN,59,10,16,182.5,board,36.64,12.14
7527,Mac Jones,QB,SF,,,,26.72,api,,
7528,Najee Harris,RB,NYG,245,8,1,23.8,board,4.33,1.51
7529,Gary Brightwell,RB,,,,,,,,
7530,Frank Darby,WR,,,,,,,,
7531,Feleipe Franks,TE,CAR,,,,1.4,api,0.14,0.05
7532,Rakeem Boyd,RB,,,,,,,,
7533,Anthony Schwartz,WR,,,,,,,,
7534,Seth Williams,WR,,,,,,,,
7535,Hunter Long,TE,ARI,,,,,,,
7536,Quintin Morris,TE,JAX,,,,6,api,1.15,0.4
7537,Jaret Patterson,RB,,,,,,,,
7538,Zach Wilson,QB,NO,,,,,,,
7539,Gerrid Doaks,RB,,,,,,,,
7540,Amari Rodgers,WR,,,,,,,,
7541,Cornell Powell,WR,,,,,,,,
7543,Travis Etienne,RB,NO,58,8,16,189.7,board,34.35,12.42
7545,Marlon Williams,WR,,,,,,,,
7546,Tre Nixon,WR,,,,,,,,
7547,Amon-Ra St. Brown,WR,DET,11,6,38,227.5,board,48.4,16.18
7548,Tyler Vaughns,WR,,,,,,,,
7549,CJ Marable,RB,,,,,,,,
7550,Warren Jackson,WR,,,,,,,,
7551,Deon Jackson,RB,,,,,,,,
7552,Blake Proehl,WR,,,,,,,,
7553,Kyle Pitts,TE,ATL,78,11,13,138.6,board,27.08,8.69
7554,Tre' McKitty,TE,,,,,,,,
7555,Jamie Newman,QB,,,,,,,,
7556,Marquez Stevenson,WR,,,,,,,,
7558,Whop Philyor,WR,,,,,,,,
7559,Ihmir Smith-Marsette,WR,ARI,,,,,,,
7560,Pooka Williams,RB,,,,,,,,
7561,Elijah Mitchell,RB,,,,,8.3,api,,
7562,Tutu Atwell,WR,LAR,,,,8.7,api,0.08,0.08
7563,Javian Hawkins,RB,,,,,,,,
7564,Ja'Marr Chase,WR,CIN,4,6,48,256.6,board,48.57,16.38
7565,Terrace Marshall,WR,,,,,,,,
7567,Kenny Gainwell,RB,TB,124,10,2,128.8,board,23.83,8.07
7568,Brevin Jordan,TE,HOU,,,,4.1,api,0.26,
7569,Nico Collins,WR,HOU,29,8,28,220,board,43.7,14.49
7571,Rashod Bateman,WR,BAL,,,,84.3,api,18.58,6.35
7572,Kylin Hill,RB,,,,,,,,
7573,Damon Hazelton,WR,,,,,,,,
7574,Larry Rountree,RB,,,,,,,,
7576,Sage Surratt,TE,,,,,,,,
7578,Myron Mitchell,WR,,,,,,,,
7579,Austin Watkins,WR,,,,,,,,
7580,Khalil McClain,WR,,,,,,,,
7581,Kellen Mond,QB,,,,,,,,
7582,Jhamon Ausbon,WR,,,,,,,,
7583,Sam Ehlinger,QB,DEN,,,,,,,
7584,Brennan Eagles,WR,,,,,,,,
7585,Davis Mills,QB,HOU,,,,12.04,api,,
7586,Dazz Newsome,WR,,,,,,,,
7587,Dyami Brown,WR,WAS,,,,3.9,api,0.66,
7588,Javonte Williams,RB,DAL,47,14,23,188.8,board,39.03,14.04
7589,Ian Book,QB,,,,,,,,
7591,Justin Fields,QB,KC,,,,34.72,api,,
7593,Trey Sermon,RB,ATL,,,,,,,
7594,Chuba Hubbard,RB,CAR,101,5,6,136.9,board,27.97,9.32
7595,Tylan Wallace,WR,CLE,,,,3.2,api,1.39,0.48
7596,Elijah Moore,WR,PHI,,,,,,,
7597,Kenny Yeboah,TE,,,,,,,,
7599,Jermar Jefferson,RB,MIN,,,,,,,
7600,Pat Freiermuth,TE,PIT,209,9,1,102.9,board,17.22,5.79
7602,Kylen Granson,TE,TEN,,,,3,api,0.34,0.11
7603,Shi Smith,WR,,,,,,,,
7605,Kyle Trask,QB,,,,,,,,
7606,Kadarius Toney,WR,,,,,,,,
7607,Michael Carter,RB,TEN,,,,6.6,api,0.33,
7608,Khalil Herbert,RB,,,,,,,,
7609,Demetric Felton,RB,,,,,,,,
7610,Trey Lance,QB,LAC,,,,14.62,api,,
7611,Rhamondre Stevenson,RB,NE,92,11,9,154.5,board,29.93,10.23
7612,Dee Eskridge,WR,,,,,3.9,api,,
7613,Jonathan Adams,WR,,,,,,,,
7614,Darius Clark,RB,,,,,,,,
7616,Kai Locksley,WR,,,,,,,,
7617,Matt Ammendola,K,,,,,,,,
7618,Micah Simon,WR,CAR,,,,,,,
7619,Mathew Sexton,WR,,,,,,,,
7622,Sammis Reyes,TE,,,,,,,,
7623,Darece Roberson,WR,,,,,,,,
7624,Carson Williams,TE,,,,,,,,
7670,Joshua Palmer,WR,BUF,,,,26.6,api,4.79,1.62
7694,Tommy Tremble,TE,CAR,,,,25.3,api,5.09,1.72
7703,Jacob Harris,WR,,,,,,,,
7713,Jaelon Darden,WR,,,,,,,,
7716,John Bates,TE,WAS,,,,25.3,api,5.13,1.68
7720,Kene Nwangwu,RB,NYJ,,,,,,0.24,0.08
7729,Dez Fitzpatrick,WR,,,,,,,,
7733,Josh Pederson,TE,,,,,,,,
7734,Bruno Labelle,TE,,,,,,,,
7735,Cary Angeline,TE,,,,,,,,
7741,Caleb Huntley,RB,,,,,,,,
7744,Antonio Nunn,WR,,,,,,,,
7746,Austin Trammell,WR,JAX,,,,,,,
7751,Dax Milne,WR,,,,,,,,
7752,Kawaan Baker,WR,,,,,,,,
7757,Ben Skowronek,WR,PIT,,,,0.6,api,,
7771,Jake Funk,RB,,,,,,,,
7789,Jalen Camp,WR,,,,,,,,
7793,Racey McMath,WR,,,,,,,,
7794,Chris Evans,RB,,,,,,,,
7809,Avery Williams,RB,,,,,,,,
7812,Simi Fehoko,WR,ARI,,,,,,,
7828,Noah Gray,TE,KC,,,,47.1,api,10.69,3.36
7839,Evan McPherson,K,CIN,,,,106,api,22.31,7.59
7842,Luke Farrell,TE,SF,,,,7.6,api,1.56,0.5
7848,Scooter Harrington,TE,,,,,,,,
7854,Miller Forristall,TE,,,,,,,,
7855,Blake Haubeil,K,,,,,,,,
7858,Brenden Knox,RB,,,,,,,,
7859,Nick Eubanks,TE,,,,,,,,
7860,Osirus Mitchell,WR,,,,,,,,
7862,T.J. Vasher,WR,,,,,,,,
7863,JaQuan Hardy,RB,,,,,,,,
7864,Artayvious Lynn,TE,,,,,,,,
7865,Brandon Smith,WR,PIT,,,,,,,
7867,Spencer Brown,RB,,,,,,,,
7874,Jeremiah Haydel,WR,,,,,,,,
7885,Bailey Gaither,WR,,,,,,,,
7890,Javon McKinley,WR,,,,,,,,
7891,Brock Wright,TE,DET,,,,21.8,api,6.16,2.07
7893,Dedrick Mills,RB,,,,,,,,
7897,Roland Rivers,QB,,,,,,,,
7899,Isaiah McKoy,WR,,,,,,,,
7901,Rico Bussey,WR,,,,,,,,
7903,Briley Moore,TE,,,,,,,,
7904,Stevie Scott,RB,,,,,,,,
7905,Dylan Soehner,TE,,,,,,,,
7915,Landen Akers,WR,,,,,,,,
7918,A.J. Rose,RB,,,,,,,,
7922,Riley Patterson,K,MIA,,,,61,api,13.21,6.21
7926,Carl Tucker,TE,,,,,,,,
7933,Alex Kessman,K,CAR,,,,,,,
7935,Eli Stove,WR,,,,,,,,
7938,Hunter Kampmoyer,TE,,,,,,,,
7941,Nick Ralston,RB,,,,,,,,
7943,Zach Davidson,TE,,,,,,,,
7944,Michael Strachan,WR,,,,,,,,
7946,Jack Stoll,TE,,,,,5.5,api,,
7949,Trevon Grimes,WR,,,,,,,,
7951,B.J. Emmons,RB,,,,,,,,
7954,Connor Wedington,WR,,,,,,,,
7956,Cade Johnson,WR,,,,,,,,
7960,T.J. Simmons,WR,,,,,,,,
7961,Jose Borregales,K,,,,,,,,
7972,Tony Poljan,TE,,,,,,,,
7978,Tre Walker,WR,,,,,,,,
7983,Collin Hill,QB,,,,,,,,
7985,Pro Wells,TE,,,,,,,,
7988,Riley Lees,WR,,,,,,,,
7989,DJ Turner,WR,,,,,,,,
7990,Garrett Groshek,RB,,,,,,,,
7992,Matt Bushman,TE,,,,,,,,
7993,Trey Ragas,RB,,,,,,,,
7996,Dillon Stoner,WR,,,,,,,,
8002,Shane Buechele,QB,BUF,,,,,,,
8005,Tarik Black,WR,,,,,,,,
8008,Josh Imatorbhebhe,WR,,,,,,,,
8013,Tim Jones,WR,JAX,,,,,,,
8018,Shaun Beyer,TE,,,,,,,,
8019,Devontres Dukes,WR,,,,,,,,
8021,Branden Mack,WR,,,,,,,,
8026,Landon Rice,TE,,,,,,,,
8027,Tre Harbison,RB,,,,,,,,
8033,Bernhard Seikovits,TE,,,,,,,,
8038,Nick Guggemos,TE,,,,,,,,
8039,Jibri Blount,TE,,,,,,,,
8040,Quinn Nordin,K,,,,,,,,
8041,Shane Zylstra,TE,,,,,1.8,api,0.36,
8042,Chris Naggar,K,,,,,,,,
8051,Josh Johnson,RB,,,,,,,,
8052,Donte Sylencieux,WR,,,,,,,,
8055,Brian Johnson,K,,,,,,,,
8056,Jake Verity,K,,,,,,,,
8057,Kenji Bahar,QB,,,,,,,,
8058,Nate McCrary,RB,,,,,,,,
8061,Jake Hausmann,TE,,,,,,,,
8068,C.J. Saunders,WR,,,,,,,,
8070,Travis Toivonen,WR,,,,,,,,
8074,Matt Seybert,TE,,,,,,,,
8076,Michael Bandy,WR,DEN,,,,,,,
8077,Otis Anderson,RB,,,,,,,,
8085,Mekhi Sargent,RB,,,,,,,,
8087,K.J. Costello,QB,,,,,,,,
8088,Kalif Jackson,TE,MIA,,,,,,,
8089,Sal Cannella,TE,,,,,,,,
8090,Daniel Crawford,TE,,,,,,,,
8092,Corey Taylor,RB,,,,,,,,
8094,Michael Jacobson,TE,,,,,,,,
8095,Graham Adomitis,TE,,,,,,,,
8101,Mark Vital,TE,,,,,,,,
8102,DeShon Williams,TE,,,,,,,,
8103,Ryan Willis,QB,,,,,,,,
8105,Brayden Lenius,TE,,,,,,,,
8107,Nikola Kalinic,TE,CHI,,,,,,,
8108,DeVonte Dedmon,WR,,,,,,,,
8110,Jake Ferguson,TE,DAL,106,14,5,124.8,board,22.91,7.53
8111,Cade Otton,TE,TB,203,10,1,95.8,board,17.23,5.84
8112,Drake London,WR,ATL,25,11,31,205.2,board,40.86,13.15
8114,Erik Ezukanma,WR,,,,,,,,
8115,Jalen Wydermyer,TE,,,,,,,,
8116,Pierre Strong,RB,GB,,,,6.5,api,,
8117,Jalen Tolbert,WR,MIA,,,,27.7,api,8.14,2.69
8118,David Bell,WR,,,,,,,,
8119,Jahan Dotson,WR,ATL,,,,58.2,api,12.52,4.03
8120,Jerrion Ealy,RB,,,,,,,,
8121,Romeo Doubs,WR,NE,138,11,1,132.7,board,25.49,8.7
8122,Zonovan Knight,RB,ARI,,,,,,,
8123,Hassan Haskins,RB,NE,,,,,,,
8125,Calvin Austin,WR,NYG,,,,,,,
8126,Wan'Dale Robinson,WR,TEN,128,9,2,135.2,board,23.42,7.85
8127,Charlie Kolar,TE,LAC,,,,30.4,api,9.42,3.16
8129,Dameon Pierce,RB,PHI,,,,3.8,api,0.4,
8130,Trey McBride,TE,ARI,20,14,34,186.9,board,36.43,12.16
8131,Isaiah Likely,TE,NYG,113,8,4,126.3,board,22.89,7.62
8132,Tyler Allgeier,RB,ARI,141,14,1,65.4,board,18.67,7.79
8134,Khalil Shakir,WR,BUF,140,7,1,135.2,board,26.55,9.02
8135,Treylon Burks,WR,WAS,,,,28.8,api,4.93,1.61
8136,Rachaad White,RB,WAS,137,7,1,111.1,board,25.09,8.27
8137,George Pickens,WR,DAL,31,14,27,205.7,board,38.52,12.66
8138,James Cook,RB,BUF,12,7,37,245.3,board,48.27,15.58
8139,Zamir White,RB,NO,,,,4.1,api,,
8140,Justyn Ross,WR,,,,,,,,
8142,Alec Pierce,WR,IND,115,13,3,150.9,board,27.52,7.62
8143,Jerome Ford,RB,WAS,,,,,,,
8144,Chris Olave,WR,NO,35,8,26,194.9,board,38.86,13.24
8145,Jeremy Ruckert,TE,NYJ,,,,6.8,api,2.03,0.71
8146,Garrett Wilson,WR,NYJ,55,13,18,183.4,board,32.49,11.13
8147,John Metchie,WR,CAR,,,,38.8,api,7.4,2.77
8148,Jameson Williams,WR,DET,71,6,14,176.2,board,35.35,11.83
8149,Master Teague,RB,,,,,,,,
8150,Kyren Williams,RB,LAR,42,11,24,192,board,39.89,13.08
8151,Kenneth Walker,RB,KC,22,5,32,225.5,board,41.75,14.2
8152,Kennedy Brooks,RB,,,,,,,,
8153,Isaiah Spiller,RB,,,,,,,,
8154,Brian Robinson,RB,ATL,149,11,1,63.4,board,13.35,4.36
8155,Breece Hall,RB,NYJ,43,13,24,192.5,board,38.37,12.42
8157,Bailey Zappe,QB,NYJ,,,,,,,
8158,Carson Strong,QB,,,,,,,,
8159,Desmond Ridder,QB,,,,,,,,
8160,Kenny Pickett,QB,CAR,,,,,,,
8161,Malik Willis,QB,MIA,104,6,6,261.1,board,47.22,15.94
8162,Sam Howell,QB,DAL,,,,,,,
8164,Matt Corral,QB,,,,,,,,
8166,Dontario Drummond,WR,,,,,,,,
8167,Christian Watson,WR,GB,81,11,12,176.1,board,35.26,11.68
8168,Skyy Moore,WR,GB,,,,2.5,api,0.47,0.15
8169,Tre Turner,WR,,,,,,,,
8170,James Mitchell,TE,,,,,,,,
8171,Kyle Philips,WR,,,,,,,,
8172,Greg Dulcich,TE,MIA,207,6,1,87.4,board,15.4,5.12
8173,ZaQuandre White,RB,,,,,,,,
8174,Kevin Harris,RB,,,,,,,,
8175,Reggie Roberson,WR,,,,,,,,
8176,Danny Gray,WR,PHI,,,,,,,
8177,Grant Calcaterra,TE,PHI,,,,20.6,api,2.87,
8178,Braylon Sanders,WR,,,,,,,,
8179,Snoop Conner,RB,,,,,,,,
8180,Jalen Nailor,WR,LV,175,13,1,107.6,board,20.85,6.93
8181,Connor Heyward,TE,LV,,,,12.7,api,2.35,0.78
8182,Chase Allen,TE,,,,,,,,
8183,Brock Purdy,QB,SF,54,8,20,290.2,board,54.96,17.52
8184,D'Vonte Price,RB,,,,,,,,
8185,Johnny Johnson,WR,,,,,,,,
8186,Devon Williams,WR,,,,,,,,
8187,CJ Verdell,RB,,,,,,,,
8188,Tyquan Thornton,WR,KC,,,,52.6,api,13.32,4.25
8189,Trestan Ebner,RB,,,,,,,,
8190,Abram Smith,RB,,,,,,,,
8191,Slade Bolden,WR,,,,,,,,
8192,Curtis Hodges,TE,,,,,,,,
8193,E.J. Perry,QB,,,,,,,,
8194,Jashaun Corbin,RB,,,,,,,,
8195,Ronnie Rivers,RB,LAR,,,,5.6,api,0.52,0.17
8196,Ty Fryfogle,WR,,,,,,,,
8197,Peyton Hendershot,TE,,,,,,,,
8198,Charleston Rambo,WR,,,,,,,,
8199,D'Eriq King,QB,,,,,,,,
8200,Kevin Austin,WR,NO,,,,5,api,2.05,
8201,Jack Coan,QB,,,,,,,,
8202,Michael Woods,WR,DEN,,,,,,,
8203,Jeremiah Hall,TE,,,,,,,,
8204,Bo Melton,WR,GB,,,,7.8,api,4.89,1.63
8205,Isiah Pacheco,RB,DET,181,6,1,48.6,board,7.16,
8206,Skylar Thompson,QB,BAL,,,,,,,
8207,Tyler Goodson,RB,ATL,,,,3.8,api,0.95,
8208,Tyler Badie,RB,DEN,,,,6.4,api,2.47,0.82
8209,Makai Polk,WR,,,,,,,,
8210,Chig Okonkwo,TE,WAS,152,7,1,113.6,board,21.49,7.1
8211,Tyrion Davis-Price,RB,,,,,,,,
8212,Dustin Crum,QB,,,,,,,,
8213,Dai'Jean Dixon,WR,,,,,,,,
8214,Cole Turner,TE,MIA,,,,,,,
8215,Austin Allen,TE,,,,,,,,
8217,Leddie Brown,RB,,,,,,,,
8218,Max Borghi,RB,,,,,,,,
8219,Jelani Woods,TE,NYJ,,,,,,,
8220,Sincere McCormick,RB,SF,,,,,,,
8221,Keaontay Ingram,RB,,,,,,,,
8222,Josh Johnson,WR,,,,,,,,
8223,Velus Jones,WR,SEA,,,,,,,
8224,Cole Kelley,QB,,,,,,,,
8225,Daniel Bellinger,TE,TEN,,,,31.6,api,11.61,3.87
8226,Greg Bell,RB,,,,,,,,
8227,Teagan Quitoriano,TE,ARI,,,,,,,
8228,Jaylen Warren,RB,PIT,83,9,11,152.6,board,34.4,11.54
8229,Isaiah Weston,WR,,,,,,,,
8230,Ty Chandler,RB,NO,,,,,,1.56,
8232,Jaquarii Roberson,WR,,,,,,,,
8233,Mataeo Durant,RB,,,,,,,,
8234,Jaivon Heiligh,WR,,,,,,,,
8235,Samori Toure,WR,,,,,,,,
8236,Jerreth Sterns,WR,,,,,,,,
8238,Emeka Emezie,WR,,,,,,,,
8239,Ricky Person,RB,,,,,,,,
8240,BJ Baylor,RB,,,,,,,,
8241,Anthony Brown,QB,,,,,,,,
8242,Shermari Jones,RB,,,,,,,,
8243,DeAndre Torrey,RB,,,,,,,,
8245,Derrick Deese,TE,,,,,,,,
8246,Bryant Koback,RB,,,,,,,,
8247,Gerrit Prince,TE,,,,,,,,
8248,Kalil Pimpleton,WR,,,,,,,,
8249,Lucas Krull,TE,DEN,,,,6.1,api,0.64,
8250,Tay Martin,WR,DET,,,,,,,
8251,Calvin Jackson,WR,,,,,,,,
8252,Travell Harris,WR,,,,,,,,
8253,Deven Thompkins,WR,LV,,,,,,,
8254,Julius Chestnut,RB,TEN,,,,4.6,api,0.76,0.25
8255,Raheem Blackshear,RB,,,,,,,,
8258,Cade York,K,,,,,9,api,,
8259,Cameron Dicker,K,LAC,,,,106,api,23.92,8.02
8260,Gabe Brkic,K,,,,,,,,
8407,T.J. Pledger,RB,,,,,,,,
8408,Jordan Mason,RB,MIN,125,6,2,143.7,board,25.53,8.51
8409,Tyler Snead,WR,,,,,,,,
8410,Jequez Ezzard,WR,,,,,,,,
8411,Devon Allen,WR,,,,,,,,
8413,Chris Oladokun,QB,KC,,,,,,,
8414,Britain Covey,WR,PHI,,,,,,0.06,
8416,Jalen Virgil,WR,,,,,,,,
8418,Jared Smart,WR,,,,,,,,
8419,Stanley Berryhill,WR,,,,,,,,
8420,Jack Sorenson,WR,,,,,,,,
8421,Mike Harley,WR,,,,,,,,
8423,Brittain Brown,RB,CHI,,,,,,,
8424,Kevin Marks,RB,,,,,,,,
8428,Zander Horvath,RB,,,,,,,,
8429,Levi Lewis,QB,,,,,,,,
8431,Chase Garbers,QB,,,,,,,,
8433,Cade Brewer,TE,,,,,,,,
8435,Kwamie Lassiter,WR,,,,,,,,
8436,Neil Pau'u,WR,,,,,,,,
8437,Thomas Hennigan,WR,,,,,,,,
8438,Corey Sutton,WR,,,,,,,,
8439,Demetris Robertson,WR,,,,,,,,
8441,Justin Hall,WR,,,,,,,,
8442,Jarrett Guarantano,QB,,,,,,,,
8475,Montrell Washington,WR,,,,,,,,
8484,Ko Kieft,TE,TB,,,,1.8,api,0.09,0.03
8489,Drew Ogletree,TE,IND,,,,3.9,api,1.09,0.34
8500,John FitzPatrick,TE,,,,,,,,
8523,Nick Muse,TE,ATL,,,,,,,
8527,Dareke Young,WR,LV,,,,3.6,api,1.05,0.35
8536,Caleb Shudak,K,,,,,,,,
8539,Seth Green,TE,,,,,,,,
8543,Drew Estrada,WR,,,,,,,,
8549,Trevon Clark,WR,,,,,,,,
8553,Tre Ford,QB,,,,,,,,
8559,Josh Babicz,TE,,,,,,,,
8560,Davis Cheek,QB,,,,,,,,
8568,John Lovett,RB,,,,,,,,
8570,Derek Wright,WR,,,,,,,,
8571,Ra'Shaun Henry,WR,,,,,,,,
8572,Andrew Parchment,WR,,,,,,,,
8573,Talolo Limi-Jones,WR,,,,,,,,
8575,Erik Krommenhoek,TE,,,,,,,,
8577,James McCourt,K,,,,,,,,
8579,Brandon Peters,QB,,,,,,,,
8581,Trevon Bradford,WR,,,,,,,,
8583,Stone Smartt,TE,NO,,,,4.2,api,0.61,
8589,Marcus Santos-Silva,TE,,,,,,,,
8595,Kyric McGowan,WR,,,,,,,,
8602,Danny Davis,WR,,,,,,,,
8613,Taysir Mack,WR,,,,,,,,
8621,Garrett Walston,TE,,,,,,,,
8624,Changa Hodge,WR,,,,,,,,
8628,Jontre Kirklin,WR,,,,,,,,
8632,JaVonta Payton,WR,,,,,,,,
8633,Stephon Robinson,WR,,,,,,,,
8634,Chris Pierce,TE,,,,,,,,
8638,Grayson Gunter,TE,,,,,,,,
8650,Lujuan Winningham,WR,,,,,,,,
8656,Tyshaun James,WR,,,,,,,,
8660,Leroy Watson,TE,,,,,,,,
8663,Jared Bernhardt,WR,,,,,,,,
8665,Armani Rogers,TE,,,,,,,,
8670,Parker Romo,K,,,,,,,,
8676,Rashid Shaheed,WR,SEA,155,11,1,115.6,board,23.05,7.56
8685,John Mitchell,TE,,,,,,,,
8690,Jake Herslow,WR,,,,,,,,
8694,Henry Litwin,WR,,,,,,,,
8697,Kevin Shaa,WR,,,,,,,,
8698,Jake Tonges,TE,SF,235,8,1,55.8,board,5.39,1.71
8699,Cyrus Holder,WR,,,,,,,,
8700,Savon Scarver,WR,,,,,,,,
8705,Landon Lenoir,WR,,,,,,,,
8706,Kehinde Oginni,TE,,,,,,,,
8707,Tayon Fleet-Davis,RB,,,,,,,,
8721,De'Montre Tuggle,RB,,,,,,,,
8731,Shemar Bridges,WR,,,,,,,,
8732,Raleigh Webb,WR,,,,,,,,
8741,Jamal Pettigrew,TE,,,,,,,,
8745,Lance McCutcheon,WR,,,,,,,,
8747,Roger Carter,TE,,,,,,,,
8749,Tyreik McAllister,RB,,,,,,,,
8751,Dylan Parham,TE,,,,,,,,
8755,Kaden Davis,WR,CHI,,,,,,,
8756,Brandon Johnson,WR,PIT,,,,,,,
8757,Rodney Williams,TE,,,,,,,,
8760,Dre Miller,TE,,,,,,,,
8769,Josh Bist,TE,,,,,,,,
8770,Malik Williams,WR,,,,,,,,
8775,Andrew Mevis,K,,,,,,,,
8778,Justin Rigg,TE,,,,,,,,
8783,Kendric Pryor,WR,,,,,,,,
8798,Felix Harper,QB,,,,,,,,
8799,Zaire Mitchell-Paden,TE,HOU,,,,,,,
8800,Malik Davis,RB,DAL,,,,63.4,api,7.74,4.21
8801,Dennis Houston,WR,TB,,,,,,,
8809,Aaron Shampklin,RB,,,,,,,,
8812,Jonathan Garibay,K,,,,,,,,
8813,Anthony Turner,WR,,,,,,,,
8817,Nolan Givan,TE,,,,,,,,
8820,Troy Hairston,RB,,,,,,,,
8824,Samson Nacua,WR,,,,,,,,
8825,Kekoa Crawford,WR,,,,,,,,
8828,Michael Young,WR,,,,,,,,
8831,Ethan Fernea,WR,,,,,,,,
8840,Cole Fotheringham,TE,,,,,,,,
8849,Tanner Conner,TE,,,,,,,,
8858,Keshunn Abram,WR,,,,,,,,
8861,Irv Charles,WR,SEA,,,,,,,
8863,Kaylon Geiger,WR,,,,,,,,
8864,Ben Beise,TE,,,,,,,,
8876,Kevin Kassis,WR,,,,,,,,
8878,Jared Scott,TE,,,,,,,,
8881,Willie Johnson,WR,,,,,,,,
8884,JJ Howland,TE,,,,,,,,
8885,Tucker Fisk,TE,,,,,5.5,api,,
8888,Kameron Brown,WR,,,,,,,,
8890,Naz Bohannon,TE,,,,,,,,
8891,Ryan McDaniel,WR,,,,,,,,
8892,Keric Wheatfall,WR,,,,,,,,
8893,Nick Sciba,K,,,,,,,,
8905,Travis Koontz,TE,,,,,,,,
8908,Brandon Lewis,WR,,,,,,,,
8915,Drew Plitt,QB,,,,,,,,
8917,KaVontae Turpin,WR,DAL,,,,61,api,9.43,3.16
8921,Maurice Alexander,WR,,,,,,,,
8924,Thomas Odukoya,TE,,,,,,,,
8928,Daylen Baldwin,WR,,,,,,,,
8931,Josh Ali,WR,,,,,,,,
8932,Lucas Havrisik,K,,,,,,,,
8937,Parker White,K,,,,,,,,
8938,Nathan Rourke,QB,,,,,,,,
9220,Evan Hull,RB,ARI,,,,,,,
9221,Jahmyr Gibbs,RB,DET,1,6,58,299.9,board,61.11,20.27
9222,Zach Evans,RB,,,,,,,,
9223,Tiyon Evans,RB,,,,,,,,
9224,Chase Brown,RB,CIN,27,6,30,226.7,board,43.53,14.44
9225,Tank Bigsby,RB,PHI,182,10,1,61.2,board,10.22,3.41
9226,De'Von Achane,RB,MIA,17,6,34,229.9,board,46.44,15.69
9227,Israel Abanikanda,RB,DAL,,,,,,,
9228,Bryce Young,QB,CAR,117,5,3,224.6,board,43.91,14.72
9229,Anthony Richardson,QB,IND,,,,21.32,api,,
9230,Tanner McKee,QB,PHI,,,,12.42,api,,
9231,Jaren Hall,QB,,,,,,,,
9479,Darnell Washington,TE,PIT,,,,68.6,api,10.99,3.71
9480,Brenton Strange,TE,JAX,135,7,1,129.5,board,19.44,6.53
9481,Luke Musgrave,TE,GB,,,,,,4.54,
9482,Michael Mayer,TE,LV,,,,63.8,api,9.2,3.06
9483,Zack Kuntz,TE,,,,,,,,
9484,Tucker Kraft,TE,GB,77,11,13,140.9,board,29.57,9
9486,Dontayvion Wicks,WR,PHI,214,10,1,57.4,board,16.92,6.53
9487,Parker Washington,WR,JAX,87,7,10,176.4,board,28.73,9.96
9488,Jaxon Smith-Njigba,WR,SEA,5,11,46,235.1,board,51.36,16.19
9489,Justin Shorter,WR,LV,,,,,,,
9490,Tyler Scott,WR,,,,,,,,
9491,Ty Scott,WR,,,,,,,,
9492,Trey Palmer,WR,NO,,,,,,,
9493,Puka Nacua,WR,LAR,6,11,46,259,board,50.44,16.76
9494,Marvin Mims,WR,DEN,,,,56.4,api,10.83,3.6
9495,Rakim Jarrett,WR,,,,,,,,
9496,Sam James,WR,,,,,,,,
9497,Jalin Hyatt,WR,NYG,,,,,,,
9498,Jadon Haselwood,WR,,,,,,,,
9499,Bryce Ford-Wheaton,WR,,,,,,,,
9500,Josh Downs,WR,IND,122,13,2,137.3,board,29.36,10.14
9501,DeMario Douglas,WR,NE,,,,65.9,api,12.87,4.21
9502,Tank Dell,WR,HOU,185,8,1,95.3,board,2,
9503,Jacob Copeland,WR,,,,,,,,
9504,Kayshon Boutte,WR,HOU,226,11,1,79.1,board,21.46,6.97
9505,Deuce Vaughn,RB,,,,,,,,
9506,Sean Tucker,RB,TB,254,10,1,48.5,board,10.7,3.63
9507,Titus Swen,RB,,,,,,,,
9508,Tyjae Spears,RB,TEN,161,9,1,97.1,board,18.52,6.1
9509,Bijan Robinson,RB,ATL,2,11,56,292.9,board,58.67,19.14
9510,Lew Nichols,RB,PIT,,,,,,,
9511,Keaton Mitchell,RB,LAC,174,7,1,87.9,board,18.56,5.88
9512,DeWayne McBride,RB,,,,,,,,
9753,Zach Charbonnet,RB,SEA,153,11,1,61.7,board,6.2,
9754,Quentin Johnston,WR,LAC,127,7,2,134.9,board,27.89,9.35
9756,Jordan Addison,WR,MIN,118,6,3,141.7,board,28.57,9.48
9757,Kendre Miller,RB,NO,223,8,1,4.6,board,4.14,1.54
9758,C.J. Stroud,QB,HOU,96,8,8,235.8,board,46.69,15.09
9759,C.J. Johnson,WR,,,,,,,,
9997,Zay Flowers,WR,BAL,50,13,22,187.7,board,37.93,12.77
9998,Hendon Hooker,QB,TEN,,,,,,,
9999,Will Levis,QB,,,,,12.7,api,,
10210,Cameron Latu,TE,NE,,,,3,api,0.17,
10211,Camerun Peoples,RB,,,,,,,,
10212,Josh Whyle,TE,GB,,,,10.3,api,1.86,1.29
10213,Tre Tucker,WR,LV,202,13,1,102.9,board,24.11,8.01
10214,Davis Allen,TE,LAR,,,,4.4,api,1.95,0.65
10215,Jake Haener,QB,NYG,,,,,,,
10216,Kenny McIntosh,RB,,,,,4.2,api,,
10217,Clayton Tune,QB,,,,,12.4,api,,
10218,Xavier Hutchinson,WR,HOU,,,,29.7,api,9.85,3.48
10219,Chris Rodriguez,RB,JAX,151,7,1,125,board,22.5,7.71
10220,Will Mallory,TE,IND,,,,,,,
10221,Ronnie Bell,WR,,,,,,,,
10222,Jayden Reed,WR,GB,119,11,3,162.6,board,32.86,10.88
10223,Eric Gray,RB,,,,,,,,
10224,Brayden Willis,TE,SF,,,,,,,
10225,Jonathan Mingo,WR,DAL,,,,,,,
10226,Andrei Iosivas,WR,CIN,,,,75.3,api,11.32,4.58
10227,Payne Durham,TE,TB,,,,6.1,api,1.32,0.44
10228,Charlie Jones,WR,NYG,,,,,,0.33,
10229,Rashee Rice,WR,KC,36,5,26,185.3,board,36.71,11.64
10230,Jalen Wayne,WR,,,,,,,,
10231,Elijah Higgins,TE,ARI,,,,32.9,api,7.25,2.43
10232,Michael Wilson,WR,ARI,98,14,6,136.5,board,27.96,9.32
10233,Max Duggan,QB,,,,,,,,
10234,Derius Davis,WR,LAC,,,,-0.9,api,0.41,0.14
10235,Roschon Johnson,RB,CHI,,,,6.6,api,0.78,0.26
10236,Dalton Kincaid,TE,BUF,93,7,9,130.6,board,22.24,7.55
10444,Cedric Tillman,WR,NO,,,,5.1,api,,
10651,Mohamed Ibrahim,RB,,,,,,,,
10857,Stetson Bennett,QB,LAR,,,,,,,
10858,Alex Quevedo,K,,,,,,,,
10859,Sam LaPorta,TE,DET,69,6,14,158.5,board,28.98,9.7
10860,Malik Cunningham,WR,,,,,,,,
10861,Xazavian Valladay,RB,,,,,,,,
10862,Dorian Thompson-Robinson,QB,,,,,,,,
10863,A.T. Perry,WR,,,,,,,,
10865,Travis Dye,RB,,,,,,,,
10866,Aidan O'Connell,QB,LV,,,,,,,
10867,Jake Bobo,WR,SEA,,,,3.2,api,,
10869,Matt Landers,WR,,,,,,,,
10870,Deneric Prince,RB,,,,,,,,
10871,Luke Schoonmaker,TE,DAL,,,,24.9,api,3.59,1.17
10937,Jake Moody,K,BAL,,,,34,api,,
10955,Chad Ryland,K,ARI,,,,89,api,19.4,6.12
10983,Sean Clifford,QB,SF,,,,,,,
11008,Anders Carlson,K,,,,,,,,
11024,Grant DuBose,WR,,,,,,,,
11034,Jalen Brooks,WR,ARI,,,,5,api,0.88,0.29
11046,Colton Dowell,WR,,,,,,,,
11053,Antoine Green,WR,,,,,,,,
11056,Jared Wayne,WR,HOU,,,,,,,
11058,Blake Grupe,K,NYJ,,,,99,api,20.26,6.5
11060,Robert Burns,RB,,,,,,,,
11065,Adrian Martinez,QB,,,,,,,,
11068,Mitch Tinsley,WR,HOU,,,,,,1.63,
11070,Kazmeir Allen,WR,,,,,,,,
11073,Thayer Thomas,WR,,,,,,,,
11077,Jack Podlesny,K,,,,,,,,
11080,Malik Knowles,WR,,,,,,,,
11081,Cephus Johnson,WR,,,,,,,,
11082,Ben Sims,TE,MIA,,,,,,,
11089,Jordan Byrd,WR,,,,,,,,
11092,B.T. Potter,K,,,,,,,,
11099,Kearis Jackson,WR,,,,,,,,
11102,Charles McClelland,RB,,,,,,,,
11104,SaRodorick Thompson,RB,,,,,,,,
11105,Shaquan Davis,WR,,,,,,,,
11111,Sy Barnett,WR,,,,,,,,
11113,Joel Wilson,TE,TEN,,,,,,,
11114,Elijah Dotson,RB,,,,,,,,
11115,Terrell Bynum,WR,,,,,,,,
11123,Tyler Hoosman,RB,,,,,,,,
11126,Michael Ezeike,TE,,,,,,,,
11130,Pokey Wilson,WR,,,,,,,,
11133,Jaray Jenkins,WR,,,,,,,,
11136,Oliver Martin,WR,,,,,,,,
11139,Elijah Cooks,WR,,,,,,,,
11140,Leonard Taylor,TE,,,,,,,,
11145,Tanner Brown,K,,,,,,,,
11146,Christopher Dunn,K,,,,,,,,
11148,Tyler Hudson,WR,,,,,,,,
11155,Christian Sims,TE,,,,,,,,
11157,Brycen Tremayne,WR,CAR,,,,,,,
11158,Jalen Sample,WR,,,,,,,,
11159,Zion Bowens,WR,,,,,,,,
11163,Tim DeMorat,QB,,,,,,,,
11168,Xavier Smith,WR,LAR,,,,20.6,api,2.63,0.87
11169,Dresser Winn,QB,,,,,,,,
11172,Shae Wyatt,WR,,,,,,,,
11176,Khalan Laborn,RB,,,,,,,,
11182,Ronald Awatt,RB,,,,,,,,
11184,Daniel Arias,WR,,,,,,,,
11186,Carlos Washington,RB,,,,,,,,
11189,Zay Malone,WR,,,,,,,,
11190,Keilahn Harris,WR,,,,,,,,
11191,Justin Marshall,WR,,,,,,,,
11192,Malik Flowers,WR,,,,,,,,
11197,Joel Honigford,TE,,,,,,,,
11199,Emari Demercado,RB,DAL,,,,30.8,api,4.29,
11201,Blake Whiteheart,TE,CLE,,,,3.4,api,1.04,0.4
11204,Duece Watts,WR,,,,,,,,
11210,Malik Heath,WR,ATL,,,,,,,
11213,Camren McDonald,TE,,,,,,,,
11214,Tanner Morgan,QB,,,,,,,,
11216,Holton Ahlers,QB,,,,,,,,
11222,Marcus Cooper,RB,,,,,,,,
11223,John Hall,WR,,,,,,,,
11224,Griffin Hebert,TE,,,,,,,,
11225,Noah Gindorff,TE,,,,,,,,
11226,Tyjon Lindsey,WR,,,,,,,,
11229,Calvin Tyler,RB,,,,,,,,
11231,Christian Trahan,TE,,,,,,,,
11232,Isaiah Winstead,WR,,,,,,,,
11237,Jacob Saylors,RB,DET,,,,23.5,api,3.05,3.05
11245,Patrick Murtagh,TE,,,,,,,,
11247,Mac Hippenhammer,WR,,,,,,,,
11249,Chris Smith,RB,,,,,,,,
11256,Tyson Bagent,QB,CHI,,,,12.5,api,,
11257,Shedrick Jackson,WR,,,,,,,,
11261,Andre Szmyt,K,CLE,,,,84,api,17.28,5.38
11262,Damien Caffrey,TE,,,,,,,,
11266,Thyrick Pitts,WR,,,,,,,,
11267,Aron Cruickshank,WR,,,,,,,,
11270,Hassan Hall,RB,,,,,,,,
11276,Joseph Ngata,WR,,,,,,,,
11280,Brady Russell,TE,SEA,,,,,,,
11282,Johnny King,WR,,,,,,,,
11283,Darius Hagans,RB,,,,,,,,
11284,Cody Chrest,WR,,,,,,,,
11292,Tommy DeVito,QB,NE,,,,12.38,api,,
11298,Ryan Jones,TE,,,,,,,,
11299,Zavier Scott,RB,CHI,,,,4.6,api,0.06,
11301,Braxton Westfield,WR,,,,,,,,
11304,E.J. Jenkins,TE,PHI,,,,,,,
11306,Xavier Gipson,WR,,,,,,,,
11311,Jason Brownlee,WR,,,,,,,,
11312,T.J. Luther,WR,,,,,,,,
11320,Nikko Remigio,WR,KC,,,,0.6,api,0.32,0.1
11329,Josh Vann,WR,,,,,,,,
11344,Keytaon Thompson,WR,,,,,,,,
11347,Chase Cota,WR,,,,,,,,
11351,Thomas Greaney,TE,,,,,,,,
11357,Tyler Adams,WR,,,,,,,,
11359,Kody Case,WR,,,,,,,,
11366,Chris Coleman,WR,,,,,,,,
11367,Daewood Davis,WR,,,,,,,,
11370,Chris Brooks,RB,GB,,,,49.3,api,8.17,5.12
11371,Julian Hill,TE,NE,,,,4.1,api,,
11374,James Blackman,QB,,,,,,,,
11377,Tyrell Shavers,WR,BUF,,,,3,api,,
11378,Jordan Mims,RB,,,,,,,,
11380,Johnny Lumpkin,TE,,,,,,,,
11381,Travis Vokolek,TE,ARI,,,,,,,
11382,Dontay Demus,WR,,,,,,,,
11384,Owen Wright,RB,,,,,,,,
11385,Brian Walker,TE,,,,,,,,
11387,Sean Ryan,WR,,,,,,,,
11388,Nolan Henderson,QB,,,,,,,,
11410,Braxton Burmeister,WR,,,,,,,,
11413,Ronnie Brown,RB,,,,,,,,
11415,Tanner Taula,TE,,,,,,,,
11418,Taye Barber,WR,,,,,,,,
11419,Kade Warner,WR,,,,,,,,
11421,Ryan Miller,WR,MIA,,,,,,,
11431,Isaiah Bowser,RB,,,,,,,,
11433,Nate Adkins,TE,DEN,,,,4.2,api,0.78,0.26
11435,Emanuel Wilson,RB,SEA,,,,51,api,7.02,2.29
11438,Dallas Daniels,WR,,,,,,,,
11439,Jaleel McLaughlin,RB,CLE,,,,6.5,api,1.51,
11445,Taylor Grimes,WR,,,,,,,,
11447,Kris Leach,TE,,,,,,,,
11452,Jesse Matthews,WR,,,,,,,,
11456,Tre'Shaun Harrison,WR,,,,,,,,
11457,Trey Wolff,K,,,,,,,,
11467,John Samuel Shenker,TE,,,,,,,,
11472,Alfonzo Graham,RB,,,,,,,,
11474,Dylan Drummond,WR,ATL,,,,,,,
11478,Gavin Holmes,WR,,,,,,,,
11483,Ellis Merriweather,RB,,,,,,,,
11491,Austin Aune,QB,,,,,,,,
11493,Jordan Murray,TE,,,,,,,,
11495,Bryan Thompson,WR,,,,,,,,
11496,Braydon Johnson,WR,,,,,,,,
11502,Brian Cobbs,WR,,,,,,,,
11504,Jose Barbon,WR,,,,,,,,
11505,David Durden,WR,,,,,,,,
11506,Jalen Moreno-Cropper,WR,NO,,,,,,,
11508,Princeton Fant,TE,DAL,,,,,,,
11511,John Stephens,TE,,,,,,,,
11520,Lucky Jackson,WR,DET,,,,,,,
11521,Jadakis Bonds,WR,,,,,,,,
11522,Jerome Kapp,WR,,,,,,,,
11523,Cody Chrest,WR,,,,,,,,
11524,Izaiah Gathings,TE,,,,,,,,
11526,Malachi Carter,WR,,,,,,,,
11528,Garett Maag,WR,,,,,,,,
11529,Ed Lee,WR,,,,,,,,
11530,Nick Williams,WR,,,,,,,,
11532,Matthew Trickett,K,,,,,,,,
11533,Brandon Aubrey,K,DAL,,,,116,api,23.37,7.89
11536,Milton Wright,WR,,,,,,,,
11537,Wayne Taulapapa,RB,,,,,,,,
11538,Toriano Clinton,RB,,,,,,,,
11539,Jake Bates,K,DET,,,,105,api,22.58,8.09
11540,La'Michael Pettway,TE,,,,,,,,
11543,Lachlan Pitts,TE,,,,,,,,
11544,Avery Davis,WR,,,,,,,,
11548,Aaron Dykes,RB,,,,,,,,
11554,Chase Cota,WR,,,,,,,,
11556,Devin Leary,QB,,,,,,,,
11557,Joe Milton,QB,,,,,12.4,api,,
11558,Sam Hartman,QB,WAS,,,,,,,
11559,Michael Penix,QB,ATL,205,11,1,103.4,board,,
11560,Caleb Williams,QB,CHI,23,10,32,289.3,board,54.36,18.48
11561,Michael Pratt,QB,,,,,,,,
11562,Spencer Rattler,QB,NO,,,,12.68,api,,
11563,Bo Nix,QB,DEN,46,10,23,283.7,board,50.13,16.67
11564,Drake Maye,QB,NE,10,11,38,309.8,board,52.84,17.73
11565,J.J. McCarthy,QB,MIN,237,6,1,18.6,board,,
11566,Jayden Daniels,QB,WAS,18,7,34,299.7,board,54.6,18.03
11567,Jordan Travis,QB,,,,,,,,
11568,Blake Watson,RB,,,,,,,,
11569,Jarquez Hunter,RB,,241,11,1,8.6,board,,
11570,Rasheen Ali,RB,BAL,,,,32.7,api,0.62,0.21
11571,Isaiah Davis,RB,NYJ,,,,54,api,13.57,4.47
11573,Frank Gore,RB,BUF,,,,,,,
11574,Dylan Laube,RB,LV,,,,9.9,api,1.52,0.65
11575,Ray Davis,RB,BUF,231,7,1,60.6,board,10.8,3.5
11576,Braelon Allen,RB,NYJ,208,13,1,47.2,board,9.44,3.07
11577,Will Shipley,RB,PHI,,,,28.8,api,3.21,0.93
11579,Audric Estime,RB,NO,238,8,1,21.1,board,3.19,1.35
11580,Dillon Johnson,RB,,,,,,,,
11581,MarShawn Lloyd,RB,GB,196,11,1,48.3,board,17.42,9.8
11582,Carson Steele,RB,PHI,,,,,,,
11583,Jonathon Brooks,RB,CAR,116,5,3,137.9,board,23.8,8.49
11584,Bucky Irving,RB,TB,52,10,21,179.3,board,32.19,10.86
11586,Blake Corum,RB,LAR,112,11,4,127.8,board,24.31,7.97
11588,Jawhar Jordan,RB,HOU,,,,24.5,api,1.09,
11589,Trey Benson,RB,ARI,234,14,1,25.7,board,,
11590,Jase McClellan,RB,,,,,,,,
11592,Erick All,TE,CIN,,,,,,7.06,2.36
11593,Brevyn Spann-Ford,TE,DAL,,,,23.4,api,3.02,1
11595,Jared Wiley,TE,KC,,,,,,,
11596,Ben Sinnott,TE,WAS,,,,22,api,2.81,0.95
11597,Theo Johnson,TE,NYG,,,,61.5,api,8.83,2.93
11598,Tanner McLachlan,TE,,,,,,,,
11599,Cade Stover,TE,HOU,,,,26.2,api,4.14,1.35
11600,Ja'Tavion Sanders,TE,CAR,,,,19.9,api,3.41,1.17
11601,Trey Knox,TE,,,,,,,,
11603,AJ Barner,TE,SEA,171,11,1,113.4,board,22.48,7.39
11604,Brock Bowers,TE,LV,21,13,33,202.5,board,38.28,12.66
11605,Jaheim Bell,TE,,,,,,,,
11606,Dallin Holker,TE,,,,,5.5,api,,
11607,Hayden Hatten,WR,,,,,,,,
11608,Isaiah Williams,WR,NYJ,,,,25.3,api,4.77,2.11
11610,Malik Washington,WR,MIA,195,6,1,107.3,board,17.39,6.66
11615,Ainias Smith,WR,,,,,,,,
11616,Jacob Cowing,WR,SF,,,,1.2,api,0.05,0.02
11617,Malachi Corley,WR,CLE,,,,5.8,api,1.53,0.15
11618,Jalen McMillan,WR,TB,187,10,1,105.4,board,18.25,6.16
11619,Ja'Lynn Polk,WR,,,,,,,,
11620,Rome Odunze,WR,CHI,80,10,13,173.9,board,28.6,9.64
11621,Brenden Rice,WR,,,,,,,,
11623,Jordan Whittington,WR,LAR,,,,19.3,api,1.53,0.51
11624,Xavier Worthy,WR,KC,136,5,1,134,board,25.79,8.25
11625,Adonai Mitchell,WR,NYJ,213,13,1,80.8,board,15.9,5.47
11626,Xavier Legette,WR,CAR,,,,54,api,7.38,2.49
11627,Troy Franklin,WR,DEN,,,,54.1,api,6.74,2.24
11628,Marvin Harrison,WR,ARI,91,14,9,155.2,board,27,8.98
11629,Devontez Walker,WR,BAL,,,,24.9,api,4.91,1.71
11630,Roman Wilson,WR,PIT,,,,22.3,api,4.87,1.65
11631,Brian Thomas,WR,JAX,90,7,9,164.4,board,26.58,8.77
11632,Malik Nabers,WR,NYG,34,8,26,193.7,board,32.75,11.15
11633,Jamari Thrash,WR,CLE,,,,,,,
11635,Ladd McConkey,WR,LAC,53,7,20,187.7,board,32.21,10.92
11636,Johnny Wilson,WR,PHI,,,,,,,
11637,Keon Coleman,WR,BUF,,,,71.3,api,10.63,3.63
11638,Ricky Pearsall,WR,SF,,,,,,,
11640,Jermaine Burton,WR,,,,,22,api,,
11643,Jaylen Wright,RB,MIA,,,,41.1,api,7.15,2.4
11644,Cody Schrader,RB,DEN,,,,,,,
11645,Javon Baker,WR,,,,,,,,
11646,Jalen Coker,WR,CAR,147,5,1,135.9,board,29.28,9.87
11647,Kimani Vidal,RB,LAC,230,7,1,53,board,3.54,1.16
11648,Kedon Slovis,QB,GB,,,,,,,
11649,Kendall Milton,RB,CIN,,,,,,,
11650,Luke McCaffrey,WR,WAS,,,,7.3,api,1,
11651,Isaac Guerendo,RB,SF,,,,5.7,api,0.41,
11652,Louis Rees-Zammit,RB,,,,,,,,
11653,Charlie Smyth,K,NO,,,,34,api,13.64,
11654,Dante Miller,RB,,,,,,,,
11655,Tyrone Tracy,RB,NYG,156,8,1,100.8,board,14.53,5.01
11716,Tip Reiman,TE,ARI,,,,11.4,api,2.46,0.82
11729,Sione Vaki,RB,DET,,,,3,api,0.72,0.43
11748,Bub Means,WR,,,,,,,,
11762,Anthony Gould,WR,IND,,,,2.7,api,0.17,
11773,Keilan Robinson,RB,,,,,,,,
11783,Ryan Flournoy,WR,DAL,217,14,1,97.7,board,18.17,5.97
11786,Cam Little,K,JAX,,,,112,api,22.12,7.48
11789,Joshua Karty,K,,,,,,,,
11792,Will Reichard,K,MIN,,,,109,api,22.42,7.54
11802,Tejhaun Palmer,WR,,,,,,,,
11806,Casey Washington,WR,CAR,,,,,,,
11808,Jha'Quan Jackson,WR,,,,,,,,
11815,Cornelius Johnson,WR,,,,,,,,
11820,Devin Culp,TE,TB,,,,5.3,api,0.84,
11821,Tahj Washington,WR,,,,,,,,
11834,Devaughn Vele,WR,NO,253,8,1,89.6,board,20.85,6.94
11848,Casey Bauman,QB,,,,,,,,
11850,Jeff Foreman,WR,,,,,,,,
11851,Carter Bradley,QB,JAX,,,,,,,
11857,Daijun Edwards,RB,,,,,,,,
11859,John Rhys Plumlee,QB,,,,,,,,
11862,Luke Benson,TE,,,,,,,,
11863,Leon Johnson,WR,,,,,,,,
11864,Zach Heins,TE,,,,,,,,
11867,Jaelen Gill,WR,,,,,,,,
11874,Jaylen Johnson,WR,,,,,,,,
11885,Ramel Keyton,WR,,,,,,,,
11886,Tulu Griffin,WR,,,,,,,,
11895,Mason Tipton,WR,NO,,,,,,,
11897,Jermaine Jackson,WR,,,,,,,,
11900,Jacob Kibodi,RB,,,,,,,,
11901,Kyle Sheets,WR,,,,,,,,
11906,Ty James,WR,,,,,,,,
11911,Jeshaun Jones,WR,MIN,,,,,,,
11913,Devron Harper,WR,,,,,,,,
11918,Ahmarean Brown,WR,,,,,,,,
11921,Xavier Weaver,WR,,,,,5.6,api,,
11924,Tanner Mordecai,QB,,,,,,,,
11925,Terique Owens,WR,,,,,,,,
11931,Austin Reed,QB,,,,,,,,
11932,Mike DiLiello,QB,,,,,,,,
11940,JaQuae Jackson,WR,,,,,,,,
11941,Isaiah Wooden,WR,,,,,,,,
11942,Colson Yankoff,TE,WAS,,,,,,,
11943,Michael Wiley,RB,,,,,,,,
11946,Marcus Rosemy-Jacksaint,WR,,,,,,,,
11947,Austin Jones,RB,,,,,,,,
11949,Brayden Narveson,K,,,,,,,,
11957,Sam Schnee,WR,,,,,,,,
11959,Bryce Oliver,WR,CLE,,,,,,,
11960,Steven Stilianos,TE,,,,,,,,
11961,Emory Jones,QB,,,,,,,,
11962,Tayvion Robinson,WR,,,,,,,,
11963,Chris Collier,RB,LV,,,,,,,
11964,Dayton Wade,WR,,,,,,,,
11969,Xavier Johnson,WR,,,,,,,,
11975,Jordan Terrell,RB,,,,,,,,
11982,Isaiah Washington,WR,,,,,,,,
11989,D.J. Williams,RB,,,,,,,,
11994,Kameron Johnson,WR,TB,,,,3.8,api,1.29,0.43
11995,Zack Annexstad,QB,,,,,,,,
11998,Emani Bailey,RB,,,,,,,,
12001,Lawrence Keys,WR,,,,,,,,
12003,Gunnar Watson,QB,,,,,,,,
12007,Nathaniel Peat,RB,,,,,,,,
12009,Jack Plummer,QB,,,,,,,,
12013,Jaden Shirden,RB,,,,,,,,
12015,Harrison Mevis,K,LAR,,,,106,api,23.41,7.91
12018,Sam Pinckney,WR,,,,,,,,
12019,Devin Carter,WR,,,,,,,,
12026,Kobe Lewis,RB,,,,,,,,
12028,TaMerik Williams,RB,,,,,,,,
12029,Tyler Harrell,WR,,,,,,,,
12033,OJ Hiliare,WR,,,,,,,,
12036,Ian Wheeler,RB,,,,,,,,
12039,TD Ayo-Durojaiye,RB,,,,,,,,
12045,Jack Westover,TE,WAS,,,,,,,
12046,Chevan Cordeiro,QB,,,,,,,,
12048,George Holani,RB,SEA,,,,23.2,api,9.68,4.45
12061,Noah Cain,RB,,,,,,,,
12062,Cam Grandy,TE,MIN,,,,,,,
12063,Rocky Lombardi,QB,,,,,,,,
12066,Elijah Collins,RB,,,,,,,,
12068,Mason Pline,TE,,,,,,,,
12070,McCallan Castles,TE,,,,,,,,
12074,Talik Keaton,WR,,,,,,,,
12077,Lincoln Victor,WR,,,,,,,,
12079,Treyton Welch,TE,NO,,,,,,,
12080,Aidan Robbins,RB,,,,,,,,
12085,Alec Holler,TE,,,,,,,,
12086,Cam Johnson,WR,,,,,,,,
12090,Corey Crooms,WR,,,,,,,,
12093,Geordon Porter,WR,,,,,,,,
12095,Jjay Mcafee,TE,,,,,,,,
12097,Ayir Asante,WR,,,,,,,,
12100,Chris Autman-Bell,WR,,,,,,,,
12107,Dylan Leonard,TE,,,,,,,,
12112,Camden Lewis,K,,,,,,,,
12113,Thomas Yassmin,TE,GB,,,,,,,
12114,Joshua Cephus,WR,,,,,,,,
12118,Jacob Warren,TE,,,,,,,,
12121,Deshaun Fenwick,RB,,,,,,,,
12126,Isaac Rex,TE,,,,,,,,
12129,Jalon Calhoun,WR,,,,,,,,
12133,Drake Stoops,WR,,,,,,,,
12134,Sam Wiglusz,WR,,,,,,,,
12135,Neal Johnson,TE,,,,,,,,
12144,Je'Quan Burton,WR,,,,,,,,
12149,Gavin Hardison,QB,,,,,,,,
12150,Jarveon Howard,RB,,,,,,,,
12151,Julian Hicks,WR,SEA,,,,,,,
12154,Messiah Swinson,TE,CLE,,,,,,,
12156,James Turner,K,,,,,,,,
12165,Spencer Sanders,QB,,,,,,,,
12166,Trey Potts,RB,,,,,,,,
12168,Zach Mathis,WR,,,,,,,,
12169,Reggie Brown,WR,,,,,,,,
12170,Jaaron Hayek,WR,,,,,,,,
12171,British Brooks,RB,HOU,,,,,,,
12173,Jaxon Janke,WR,,,,,,,,
12180,Alex McNulty,K,,,,,,,,
12185,Spencer Shrader,K,IND,,,,75,api,8.49,8.49
12187,Malcolm Epps,TE,,,,,,,,
12188,Justin Strong,RB,,,,,,,,
12189,Xavier White,WR,,,,,,,,
12190,Jason Bean,QB,,,,,,,,
12191,Trent Pennix,TE,,,,,,,,
12197,John Paddock,QB,,,,,,,,
12198,Wayne Ruby,WR,,,,,,,,
12210,Cole Burgess,WR,PIT,,,,,,,
12212,Austin Stogner,TE,,,,,,,,
12215,Kevin Foelsch,TE,,,,,,,,
12217,Shawn Bowman,TE,ARI,,,,,,,
12218,Jalen Jackson,RB,,,,,,,,
12220,Brevin Easton,WR,,,,,,,,
12222,Joseph Scates,WR,,,,,,,,
12224,David White,WR,,,,,,,,
12226,Lorenzo Lingard,RB,,,,,,,,
12231,JJ Laap,WR,,,,,,,,
12235,Marcus Riley,WR,,,,,,,,
12237,Lincoln Sefcik,TE,,,,,,,,
12239,Peewee Jarrett,QB,,,,,,,,
12244,DeAngelo Hardy,WR,,,,,,,,
12245,Jelani Baker,WR,,,,,,,,
12246,Mike Rigerman,TE,,,,,,,,
12250,Riley Sharp,TE,,,,,,,,
12254,Phillip Brooks,WR,,,,,,,,
12256,Baylor Cupp,TE,,,,,,,,
12259,Taulia Tagovailoa,QB,,,,,,,,
12260,Mason Fairchild,TE,,,,,,,,
12264,Cole Beck,WR,,,,,,,,
12267,Qadir Ismail,WR,CHI,,,,,,,
12268,Colby Suits,QB,,,,,,,,
12270,Andrew Peasley,QB,,,,,,,,
12276,RJ Mobley,WR,,,,,,,,
12277,John Matocha,QB,,,,,,,,
12278,Jacob Sirmon,QB,,,,,,,,
12281,Dimitri Stanley,WR,,,,,,,,
12283,Dylan McDuffie,RB,,,,,,,,
12284,Michael Herzog,RB,,,,,,,,
12285,Cade Peterson,QB,,,,,,,,
12288,Mathieu Severance,RB,,,,,,,,
12291,Dakota Caton,WR,,,,,,,,
12296,Kaylon Horton,WR,,,,,,,,
12300,Joshua Lingenfelter,TE,,,,,,,,
12306,La'Damian Webb,RB,,,,,,,,
12308,Samson Evans,RB,,,,,,,,
12311,Daniel George,WR,,,,,,,,
12312,Noah Rauschenberg,K,,,,,,,,
12314,Beau Corrales,WR,,,,,,,,
12320,Treyton Pickering,TE,,,,,,,,
12324,William Thompson,QB,,,,,,,,
12333,Dakereon Joyner,WR,,,,,,,,
12340,Alex Larson,TE,,,,,,,,
12341,Markese Stepp,RB,,,,,,,,
12350,Anthony Grant,RB,,,,,,,,
12352,Jeremy Moussa,QB,,,,,,,,
12354,Easton Dean,TE,,,,,,,,
12355,Treveyon Pratt,WR,,,,,,,,
12356,Jabari Small,RB,DET,,,,,,,
12357,David Martin-Robinson,TE,TEN,,,,,,,
12360,Latreal Jones,WR,,,,,,,,
12361,Aeneas Dennis,QB,,,,,,,,
12363,Xavier Wade,WR,,,,,,,,
12370,Praise Olatoke,WR,,,,,,,,
12372,Vincent Blanchard,K,,,,,,,,
12373,Peter LeBlanc,WR,,,,,,,,
12374,Brenden Bates,TE,,,,,,,,
12383,John Jiles,WR,,,,,,,,
12385,Jude McAtamney,K,,,,,,,,
12389,Hayden Rucci,TE,JAX,,,,,,,
12392,Tre Mosley,WR,,,,,,,,
12395,Tanner Knue,WR,,,,,,,,
12398,Jadon Janke,WR,,,,,,,,
12399,Caleb Chapman,WR,,,,,,,,
12402,Ramon Jefferson,RB,,,,,,,,
12403,Valentino Ambrosio,K,,,,,,,,
12404,Colton Theaker,K,,,,,,,,
12408,Michael Hiers,QB,,,,,,,,
12410,John Jackson,WR,,,,,,,,
12412,Terrell Jennings,RB,,,,,,,,
12413,Hamze El-Zayat,WR,,,,,,,,
12421,David Wallis,WR,,,,,,,,
12431,Rory Starkey,WR,,,,,,,,
12433,Ben Bryant,QB,,,,,,,,
12434,Kairee Robinson,RB,,,,,,,,
12435,Geor'Quarius Spivey,TE,,,,,,,,
12438,Alex Hale,K,,,,,,,,
12443,Devon Garrison,TE,,,,,,,,
12453,Ontaria Wilson,WR,,,,,,,,
12455,Brashard Smith,RB,KC,,,,23.3,api,2,0.72
12457,Jaydon Blue,RB,PHI,229,14,1,52.1,board,3.88,
12460,Antwane Wells,WR,ATL,,,,,,,
12462,Damien Martinez,RB,,,,,,,0.28,
12467,Jordan James,RB,SF,,,,54.2,api,4.92,1.53
12469,Dylan Sampson,RB,CLE,184,11,1,77.2,board,16.91,5.62
12470,Riley Leonard,QB,IND,,,,12.44,api,,
12471,DJ Giddens,RB,IND,,,,27,api,3.73,1.17
12472,Raheim Sanders,RB,CLE,,,,3.7,api,0.74,0.24
12473,Mitchell Evans,TE,CAR,,,,11.7,api,2.45,0.83
12474,Woody Marks,RB,HOU,157,8,1,74.3,board,19.32,6.56
12475,Ricky White,WR,SEA,,,,3.2,api,0.11,
12476,Devin Neal,RB,NO,,,,28.4,api,,
12477,Kurtis Rourke,QB,SF,,,,,,,
12478,Nick Nash,WR,,,,,,,,
12479,Ja'Quinden Jackson,RB,PHI,,,,,,,
12480,Moliki Matavao,TE,NO,,,,,,,
12481,Cam Skattebo,RB,NYG,56,8,18,180.2,board,35.95,12.35
12482,Savion Williams,WR,GB,,,,27,api,4.38,
12483,Jack Bech,WR,LV,,,,62.9,api,10.78,3.59
12484,Jayden Higgins,WR,HOU,172,8,1,0,board,,
12485,Tez Johnson,WR,TB,,,,31.4,api,6.63,2.22
12486,Dillon Gabriel,QB,CLE,,,,11.86,api,,
12487,Terrance Ferguson,TE,LAR,201,11,1,82.8,board,9.03,3
12488,Kobe Hudson,WR,,,,,,,,
12489,RJ Harvey,RB,DEN,88,10,10,125.6,board,26.6,8.87
12490,Bhayshul Tuten,RB,JAX,74,7,13,158.8,board,29.62,10.14
12491,Corey Kiner,RB,NE,,,,,,0.03,0.03
12492,Pat Bryant,WR,DEN,224,10,1,78.9,board,14.11,5.9
12493,Oronde Gadsden,TE,LAC,132,7,2,113.8,board,11.75,3.93
12494,Kyle McCord,QB,MIA,,,,,,,
12495,Ollie Gordon,RB,MIA,,,,21.7,api,6.85,2.3
12496,Tai Felton,WR,MIN,,,,24.2,api,4.27,1.42
12497,Tory Horton,WR,SEA,,,,76.5,api,8.45,2.87
12498,Mason Taylor,TE,NYJ,249,13,1,76.4,board,12.66,4.37
12499,Elic Ayomanor,WR,TEN,,,,46.7,api,7.35,2.45
12500,Quinn Ewers,QB,JAX,250,6,1,11.4,board,,
12501,Matthew Golden,WR,GB,134,11,2,141.1,board,24.88,8.22
12502,Gunnar Helm,TE,TEN,197,9,1,101.8,board,18.04,5.7
12503,Isaiah Bond,WR,CLE,,,,51.8,api,5.27,1.86
12504,Kaleb Johnson,RB,GB,,,,29.5,api,0.79,0.35
12505,Jalen Royals,WR,KC,,,,27.4,api,4.06,1.28
12506,Harold Fannin,TE,CLE,75,11,13,143.4,board,26.21,9.17
12507,Omarion Hampton,RB,LAC,24,7,32,218.9,board,40.31,13.62
12508,Jaxson Dart,QB,NYG,40,8,25,284.5,board,53.79,18.2
12509,Tre' Harris,WR,LAC,216,7,1,93.4,board,14.15,4.75
12510,Jalen Milroe,QB,SEA,,,,13.86,api,,
12511,Will Howard,QB,PIT,232,9,1,20.5,board,,
12512,Quinshon Judkins,RB,CLE,66,11,14,180,board,34.78,11.12
12514,Emeka Egbuka,WR,TB,57,10,17,185.5,board,29.2,9.85
12515,Donovan Edwards,RB,,,,,2.1,api,,
12516,Kalel Mullings,RB,TEN,,,,4.6,api,0.42,
12517,Colston Loveland,TE,CHI,38,10,26,173.4,board,34.39,11.58
12518,Tyler Warren,TE,IND,49,13,22,159.6,board,31.03,10.29
12519,Luther Burden,WR,CHI,60,10,15,173,board,33.08,11.09
12520,Xavier Restrepo,WR,TEN,,,,3.8,api,0.64,
12521,Elijah Arroyo,TE,SEA,,,,57.7,api,9.65,3.18
12522,Cam Ward,QB,TEN,103,9,6,214.8,board,41.61,13.96
12523,Jimmy Horn,WR,CAR,,,,25.2,api,4.54,1.55
12524,Shedeur Sanders,QB,CLE,180,11,1,92.1,board,,
12526,Tetairoa McMillan,WR,CAR,45,5,23,184.5,board,35.61,11.68
12527,Ashton Jeanty,RB,LV,16,13,34,211.4,board,37.84,12.19
12528,Ajou Ajou,WR,,,,,,,,
12529,TreVeyon Henderson,RB,NE,64,11,14,153.5,board,29.96,8.9
12530,Travis Hunter,WR,JAX,178,7,1,79.1,board,8.76,2.93
12531,Trevor Etienne,RB,CAR,,,,32.2,api,2.48,
12532,Ja'Corey Brooks,WR,,,,,,,,
12533,Jacory Croskey-Merritt,RB,WAS,129,7,2,118.4,board,24.28,8
12534,Kyle Monangai,RB,CHI,110,10,5,143.1,board,21.41,6.79
12535,Isaac TeSlaa,WR,DET,218,6,1,73.1,board,9.42,3.15
12536,Jaylin Noel,WR,HOU,247,8,1,92.9,board,12.11,3.51
12538,Brady Cook,QB,,,,,,,,
12539,Arian Smith,WR,NYJ,,,,5.6,api,0.75,0.25
12540,Chimere Dike,WR,TEN,,,,70.4,api,7.81,2.6
12541,Dont'e Thornton,WR,LV,,,,3.7,api,0.08,
12542,Efton Chism,WR,NE,,,,3.6,api,0.24,0.08
12543,Tahj Brooks,RB,CIN,,,,22.9,api,6.17,2.09
12544,LeQuint Allen,RB,JAX,,,,47.2,api,6.16,2.11
12545,Tyler Shough,QB,NO,85,8,11,258.9,board,47.63,16.03
12546,Marcus Yarns,RB,,,,,,,,
12547,Kyle Williams,WR,NE,,,,26.2,api,1,0.22
12548,Lenny Krieg,K,GB,,,,6,api,,
12549,Jordan Petaia,TE,,,,,,,,
12551,Colin Granger,TE,,,,,,,,
12634,Jordan Watkins,WR,SF,,,,1.9,api,0.61,0.2
12641,Jaylin Lane,WR,WAS,,,,30.7,api,4.82,1.9
12656,Robbie Ouzts,RB,SEA,,,,,,,
12658,Jackson Hawes,TE,BUF,,,,25.4,api,5.06,1.71
12670,KeAndre Lambert-Smith,WR,LAC,,,,29,api,2.2,0.74
12688,Cam Miller,QB,,,,,,,,
12690,Tommy Mellott,WR,,,,,,,,
12699,LaJohntay Wester,WR,BAL,,,,0.5,api,0.62,0.21
12700,Gavin Bartholomew,TE,MIN,,,,,,,
12705,Graham Mertz,QB,HOU,,,,,,,
12711,Tyler Loop,K,BAL,,,,106,api,22.88,7.76
12713,Andy Borregales,K,NE,,,,96,api,21.23,6.79
12715,Thomas Fidone,TE,NYG,,,,,,,
12718,Konata Mumpfield,WR,LAR,,,,33.7,api,4.58,0.69
12721,Kaden Prather,WR,,,,,,,,
12725,Luke Lachey,TE,,,,,,,,
12732,Dominic Lovett,WR,DET,,,,,,,
12735,Caleb Lohner,TE,DEN,,,,,,,
12738,Phil Mafah,RB,,,,,5.7,api,1.77,
12743,Junior Bergen,WR,,,,,,,,
12746,JP Richardson,WR,CHI,,,,,,,
12750,Jonathan Kim,K,,,,,,,,
12753,Jamoi Mayes,WR,,,,,,,,
12755,Kelly Akharaiyi,WR,,,,,,,,
12756,Stephen Gosnell,WR,BUF,,,,,,,
12757,Hal Presley,WR,,,,,,,,
12760,Rashod Owens,WR,,,,,,,,
12761,Jordan Moore,WR,CIN,,,,,,,
12762,Payton Thorne,QB,,,,,,,,
12765,Keleki Latu,TE,BUF,,,,,,,
12772,Courtney Jackson,WR,,,,,,,,
12773,DJ Uiagalelei,QB,LAC,,,,,,,
12775,Max Brosmer,QB,MIN,,,,,,,
12776,Connor Bazelak,QB,,,,,,,,
12777,Joaquin Davis,WR,,,,,,,,
12778,Jerjuan Newton,WR,,,,,,,,
12786,Anthony Landphere,TE,,,,,,,,
12787,Josh Williams,RB,TB,,,,,,,
12788,Will Sheppard,WR,MIA,,,,,,,
12791,Ryan Coe,K,,,,,,,,
12792,Garrett Greene,QB,TB,,,,,,,
12797,Ahmani Marshall,RB,,,,,,,,
12799,Bryson Green,WR,,,,,,,,
12800,Oscar Cardenas,TE,,,,,,,,
12803,Luke Grimm,WR,,,,,,,,
12809,Mac Dalena,WR,,,,,,,,
12810,Elijhah Badger,WR,,,,,,,,
12815,Stevo Klotz,TE,,,,,,,,
12817,Jake Briningstool,TE,KC,,,,,,,
12818,Elijah Young,RB,,,,,,,,
12820,Landon Parker,WR,,,,,,,,
12824,Maddux Trujillo,K,,,,,,,,
12826,Ulysses Bentley,RB,,,,,,,,
12829,Coleman Owen,WR,IND,,,,,,,
12831,Tyler Kahmann,WR,,,,,,,,
12832,Blayne Taylor,WR,,,,,,,,
12834,Jimmy Bell,TE,,,,,,,,
12848,Josh Kelly,WR,HOU,,,,,,,
12849,Traeshon Holden,WR,,,,,,,,
12850,Tyler Neville,TE,,,,,,,,
12851,Rivaldo Fairweather,TE,,,,,,,,
12852,Monaray Baldwin,WR,,,,,,,,
12859,Nate Noel,RB,,,,,,,,
12860,Theo Wease,WR,LAC,,,,6.9,api,0.13,
12863,Andrew Armstrong,WR,KC,,,,,,,
12865,AJ Henning,WR,MIA,,,,,,,
12866,Jalin Conyers,TE,,,,,,,,
12868,Montrell Johnson,RB,,,,,,,,
12880,Silas Bolden,WR,,,,,,,,
12883,Joshua Simon,TE,WAS,,,,,,,
12884,Quincy Skinner,WR,,,,,,,,
12888,Dalen Cambre,WR,NYG,,,,,,,
12889,Beaux Collins,WR,ATL,,,,,,,
12891,Jordan Bly,WR,,,,,,,,
12892,Da'Quan Felton,WR,,,,,,,,
12893,Nate McCollum,WR,,,,,,,,
12897,Nathan Carter,RB,KC,,,,,,,
12898,Seth Henigan,QB,,,,,,,,
12901,Patrick Herbert,TE,LAC,,,,,,,
12905,John Copenhaver,TE,,,,,,,,
12906,Cam Camper,WR,,,,,,,,
12907,Quentin Skinner,WR,,,,,,,,
12908,Chandler Brayboy,WR,,,,,,,,
12909,Eli Pancol,WR,,,,,,,,
12913,J.J. Jones,WR,,,,,,,,
12925,Jamaal Pritchett,WR,NYJ,,,,,,,
12928,Amar Johnson,RB,LAC,,,,,,,
12933,Caden Prieskorn,TE,,,,,,,,
12935,Jakobie Keeney-James,WR,,,,,,,,
12938,Jackson Meeks,TE,DET,,,,,,,
12939,Anthony Tyus,RB,CAR,,,,,,,
12940,Tre Stewart,RB,,,,,,,,
12941,Bryson Nesbit,TE,MIN,,,,,,,
12946,Dontae Fleming,WR,MIN,,,,,,,
12950,Robert Lewis,WR,,,,,,,,
12953,Jalen White,RB,,,,,,,,
12954,Kye Robichaux,RB,,,,,,,,
12959,Bryce Pierre,TE,,,,,,,,
12961,Ryan Fitzgerald,K,CAR,,,,92,api,20.45,6.79
12963,Kayron Lynch-Adams,RB,,,,,,,,
12965,Ethan Garbers,QB,,,,,,,,
12966,Moose Muhammad,WR,,,,,,,,
12967,Jacolby George,WR,,,,,,,,
12969,Lan Larison,RB,NE,,,,,,0.88,
12971,Ke'Shawn Williams,WR,CIN,,,,,,,
12972,Roc Taylor,WR,,,,,,,,
12973,DJ Thomas-Jones,TE,,,,,,,,
12975,JJ Galbreath,TE,,,,,,,,
12976,DeMeer Blankumsee,WR,,,,,,,,
12981,Gee Scott,TE,,,,,,,,
12984,CJ Dippre,TE,TB,,,,,,,
13001,Mario Williams,WR,,,,,,,,
13003,Tru Edwards,WR,,,,,,,,
13005,Anthony Torres,TE,,,,,,,,
13010,Jordan Waters,RB,LAR,,,,,,,
13011,Brennan Presley,WR,LAR,,,,,,,
13013,Mark Redman,TE,GB,,,,,,,
13014,Pat Conroy,TE,,,,,,,,
13017,Hajj-Malik Williams,QB,,,,,,,,
13022,Sone Ntoh,RB,,,,,,,,
13026,Moochie Dixon,WR,,,,,,,,
13032,Marshall Lang,TE,MIN,,,,,,,
13034,Tyrone Broden,WR,,,,,,,,
13041,Jahmal Banks,WR,,,,,,,,
13042,Xavier Guillory,WR,BAL,,,,,,,
13043,Chris Tyree,WR,,,,,,,,
13047,Jacardia Wright,RB,SEA,,,,3.3,api,0.49,
13053,Daniel Jackson,WR,,,,,,,,
13063,Darius Lassiter,WR,,,,,,,,
13064,Dorian Singer,WR,,,,,,,,
13065,Ben Wooldridge,QB,,,,,,,,
13066,Ben Sauls,K,,,,,31,api,3.6,
13074,Isaiah Neyor,WR,GB,,,,,,,
13075,Myles Price,WR,MIN,,,,,,,
13079,Jahdae Walker,WR,CHI,,,,21.4,api,5.14,1.72
13080,Deion Hankins,RB,,,,,,,,
13085,Kole Taylor,TE,,,,,,,,
13088,Quali Conley,RB,,,,,,,,
13100,Eli Wilson,TE,,,,,,,,
13101,Gage Larvadain,WR,,,,,1.4,api,0.12,
13108,Julian Fleming,WR,,,,,,,,
13110,Zach Horton,TE,,,,,,,,
13113,Dante Wright,WR,,,,,,,,
13116,Tre Watson,TE,MIA,,,,,,,
13117,Qualan Jones,RB,,,,,,,,
13119,Collin Schlee,QB,,,,,,,,
13120,Jacoby Jones,WR,WAS,,,,,,,
13121,Ben Yurosek,TE,MIN,,,,3,api,0.6,0.2
13122,Carter Runyon,TE,LV,,,,,,,
13124,Jeremiah Webb,WR,NE,,,,,,,
13125,Micah Bernard,RB,,,,,,,,
13128,Rushawn Baker,RB,,,,,,,,
13129,Jermaine Terry,TE,,,,,,,,
13136,Redd Douglas,WR,,,,,,,,
13139,Taylor Morin,WR,,,,,,,,
13143,Dymere Miller,WR,,,,,,,,
13145,ShunDerrick Powell,RB,,,,,,,,
13149,Caden Davis,K,,,,,,,,
13150,Darius Cooper,WR,PHI,,,,5.2,api,1.24,0.42
13151,Nick Kallerup,TE,SEA,,,,,,,
13152,Justin Lockhart,WR,,,,,,,,
13153,Giles Jackson,WR,,,,,,,,
13154,Marcus Major,RB,,,,,,,,
13158,Sam Pitz,TE,,,,,,,,
13160,Reggie Brown,TE,,,,,,,,
13161,Zakhari Franklin,WR,,,,,,,,
13162,Maximilian Mang,TE,,,,,,,,
13166,Kisean Johnson,WR,,,,,,,,
13173,Jimmy Holiday,WR,KC,,,,,,,
13175,Kinkead Dent,QB,,,,,,,,
13179,Ja'seem Reed,WR,CAR,,,,,,,
13189,Luke Floriea,WR,,,,,,,,
13190,Taylor Elgersma,QB,,,,,,,,
13191,TJ Sheffield,WR,,,,,,,,
13193,Ketron Jackson,WR,,,,,,,,
13194,Key'Shawn Smith,WR,,,,,,,,
13199,Montorie Foster,WR,SEA,,,,,,,
13202,Dalevon Campbell,WR,LAC,,,,,,,
13205,Luke Deal,TE,,,,,,,,
13208,Kyrese Rowan,WR,,,,,,,,
13210,Drake Dabney,TE,GB,,,,,,,
13211,John Hoyland,K,,,,,,,,
13212,Cade McDonald,WR,,,,,,,,
13217,Hunter Dekkers,QB,,,,,,,,
13221,Brett Gabbert,QB,,,,,,,,
13222,Montana Lemonious-Craig,WR,,,,,,,,
13225,Sam Brown,WR,,,,,,,,
13227,Mitch Van Vooren,WR,DAL,,,,,,,
13228,Ife Adeyi,WR,,,,,,,,
13237,Mark McNamee,K,,,,,,,,
13238,Winston Wright,WR,,,,,,,,
13240,Toa Taua,RB,,,,,,,,
13242,Lawrance Toafili,RB,,,,,,,,
13246,Jaden Smith,WR,,,,,,,,
13249,Thomas Gordon,TE,DET,,,,,,,
13250,Nay'Quan Wright,RB,,,,,,,,
13251,Gunnar Oakes,TE,,,,,,,,
13255,Shane Watts,RB,,,,,,,,
13256,Roderick Daniels,WR,,,,,,,,
13258,Phil Lutz,WR,,,,,,,,
13261,Layne Pryor,TE,,,,,,,,
13264,Dohnte Meyers,WR,CIN,,,,,,,
13268,Elijah Sarratt,WR,BAL,,,,50.4,api,6.32,0.79
13269,Fernando Mendoza,QB,LV,108,13,5,201.2,board,13.44,
13270,CJ Daniels,WR,LAR,,,,31.8,api,5.3,1.76
13272,Carson Beck,QB,ARI,212,14,1,50.9,board,,
13273,Josh Cuevas,TE,BAL,,,,22.3,api,2.09,0.71
13274,Germie Bernard,WR,PIT,233,9,1,80.9,board,13.03,4.37
13275,Ty Simpson,QB,LAR,221,11,1,12.6,board,,
13276,Omar Cooper,WR,NYJ,177,13,1,104.6,board,11.25,3.33
13277,CJ Donaldson,RB,NO,,,,,,,
13278,Max Klare,TE,LAR,,,,45.1,api,3.05,1.31
13279,Carnell Tate,WR,TEN,79,9,13,144.8,board,27.6,9.77
13280,Chamon Metayer,TE,,,,,,,,
13281,Jordyn Tyson,WR,NO,99,8,6,90.5,board,,
13282,Jack Endries,TE,CIN,,,,42.8,api,1.53,0.52
13284,Dylan Devezin,RB,,,,,,,,
13285,Malachi Fields,WR,NYG,222,8,1,75,board,16.65,5.52
13286,Jadarian Price,RB,SEA,84,11,11,160.5,board,25.97,8.43
13287,Jeremiyah Love,RB,ARI,33,14,27,188.3,board,36.77,11.52
13288,Nicholas Singleton,RB,TEN,210,9,1,57.7,board,6.25,2.07
13289,Drew Allar,QB,PIT,,,,22.02,api,,
13290,Jalen Moss,WR,,,,,,,,
13291,Kejon Owens,RB,,,,,,,,
13292,Lake McRee,TE,PIT,,,,,,,
13293,Ja'Kobi Lane,WR,BAL,173,13,1,87.4,board,8.42,3.12
13294,Makai Lemon,WR,PHI,105,10,5,138.5,board,16.29,4.91
13295,Behren Morton,QB,NE,,,,,,,
13296,Caleb Douglas,WR,MIA,243,6,1,77.8,board,13.32,4.43
13297,Reggie Virgil,WR,ARI,,,,21.6,api,0.93,0.31
13298,KC Concepcion,WR,CLE,131,11,2,127.4,board,22.61,7.9
13299,Nate Boerkircher,TE,JAX,,,,21.9,api,3.38,1.13
13300,Le'Veon Moss,RB,,,,,,,0,0
13301,Antonio Williams,WR,WAS,215,7,1,61.2,board,9.49,2.52
13302,Adam Randall,RB,BAL,,,,26.1,api,0.48,
13303,Cade Klubnik,QB,NYJ,,,,24,api,,
13304,O'Mega Blake,WR,,,,,,,,
13305,Mike Washington,RB,LV,176,13,1,101.2,board,10.09,4.19
13306,Taylen Green,QB,CLE,,,,30.3,api,,
13307,Marlin Klein,TE,HOU,,,,23.5,api,6.62,2.12
13308,Bauer Sharp,TE,TB,,,,,,,
13309,Aaron Anderson,WR,,,,,24.7,api,,
13310,Miller Moss,QB,,,,,,,,
13311,Chris Bell,WR,MIA,251,6,1,54.7,board,8.65,
13312,Josh Kattus,TE,,,,,,,,
13313,Emmanuel Henderson,WR,SEA,,,,,,,
13314,Luke Altmyer,QB,DET,,,,,,,
13315,Dean Connors,RB,LAR,,,,7.4,api,0.39,
13316,Eric Rivers,WR,TB,,,,23.9,api,,
13317,Ted Hurst,WR,TB,236,10,1,79.9,board,7.75,2.6
13318,Noah Thomas,WR,CIN,,,,5.1,api,0.07,
13319,Oscar Delp,TE,NO,,,,30.9,api,5.39,1.8
13320,Zachariah Branch,WR,ATL,204,11,1,63.5,board,8.28,2.09
13321,Dan Villari,TE,LAR,,,,,,,
13322,Sam Roush,TE,CHI,,,,26.5,api,4.47,1.5
13323,Rahsul Faison,RB,,,,,,,,
13324,Matt Hibner,TE,BAL,,,,25.3,api,4.24,1.46
13325,Jordan Hudson,WR,DAL,,,,,,,
13326,DT Sheffield,WR,,,,,,,,
13327,Desmond Reid,RB,,,,,23.3,api,,
13328,Anthony Hankerson,RB,,,,,,,,
13329,Malik Benson,WR,LV,,,,50.1,api,0.01,0
13330,Kenyon Sadiq,TE,NYJ,146,13,1,80.2,board,9.15,3.17
13331,Dae'Quan Wright,TE,,,,,,,,
13333,Deion Burks,WR,IND,,,,19.3,api,1.69,1.11
13334,C.J. Charleston,WR,,,,,,,,
13335,Cole Payton,QB,PHI,,,,,,,
13336,Dane Key,WR,DEN,,,,5.1,api,,
13337,Emmett Johnson,RB,KC,183,5,1,59.2,board,9.5,3.4
13338,Kevin Coleman,WR,MIA,,,,26.4,api,9.79,3.25
13339,Davon Booth,RB,IND,,,,,,,
13342,John Michael Gyllenborg,TE,KC,,,,34.9,api,,
13343,Vinny Anthony,WR,ATL,,,,,,,
13344,Preston Fox,WR,,,,,,,,
13345,Jonah Coleman,RB,DEN,159,10,1,58.9,board,9.12,3.04
13346,Denzel Boston,WR,CLE,158,11,1,108.2,board,16.01,5.56
13347,Demond Claiborne,RB,MIN,248,6,1,22.8,board,6.07,1.84
13348,J'Mari Taylor,RB,JAX,,,,28.2,api,0.93,
13349,Eli Stowers,TE,PHI,219,10,1,65.9,board,6.25,2.09
13350,Joe Fagnano,QB,BAL,,,,,,,
13351,Junior Vandeross,WR,,,,,,,,
13352,Lincoln Pare,RB,,,,,,,,
13353,Chris Brazzell,WR,CAR,,,,,,,
13354,Eric McAlister,WR,,,,,24.6,api,,
13355,DJ Rogers,TE,DAL,,,,,,,
13356,Trebor Pena,WR,JAX,,,,5.1,api,0.38,
13357,Lance Mason,TE,,,,,25.1,api,,
13380,Brenen Thompson,WR,LAC,,,,32,api,3.17,1.07
13392,Jeff Caldwell,WR,KC,,,,,,,
13394,Josh Cameron,WR,JAX,,,,49.1,api,1.19,0.4
13400,Justin Joly,TE,,,,,46.5,api,5.33,
13401,Michael Trigg,TE,DAL,,,,26.8,api,2.31,
13402,Skyler Bell,WR,BUF,,,,52.6,api,5.15,0.9
13403,Jam Miller,RB,,,,,18.9,api,1.1,
13404,Garrett Nussmeier,QB,KC,206,5,1,0,board,,
13405,Kaytron Allen,RB,WAS,227,7,1,41.9,board,3.54,0.98
13407,Carson Towt,TE,IND,,,,,,,
13408,Tanner Koziol,TE,JAX,,,,25.8,api,2.96,0.99
13409,Donaven McCulley,WR,,,,,,,,
13410,Chase Roberts,WR,LV,,,,5.1,api,0.39,
13411,Zavion Thomas,WR,CHI,,,,47.2,api,5,1.68
13412,Kendrick Law,WR,DET,,,,,,,
13413,Cyrus Allen,WR,KC,193,5,1,77.5,board,4.26,1.37
13414,Kaelon Black,RB,SF,211,8,1,39.3,board,5.67,1.79
13415,Haynes King,QB,CAR,,,,,,,
13416,Roman Hemby,RB,LV,,,,,,,
13417,De'Zhaun Stribling,WR,SF,144,8,1,105.4,board,17.89,5.72
13418,Robert Henry,RB,WAS,,,,,,,
13419,Jaydn Ott,RB,KC,,,,9.7,api,,
13420,Bryce Lance,WR,NO,,,,31.2,api,4.64,1.56
13421,Eli Raridon,TE,NE,,,,26,api,5.13,1.74
13422,Jaren Kanak,TE,TEN,,,,25.1,api,,
13423,Eli Heidenreich,RB,PIT,,,,,,,
13424,Seth McGowan,RB,IND,,,,32.8,api,4.39,1.45
13425,Jalon Daniels,QB,TB,,,,,,,
13426,Sawyer Robertson,QB,,,,,,,,
13427,Diego Pavia,QB,,,,,12.52,api,,
13428,Joey Aguilar,QB,JAX,,,,,,,
13429,Seydou Traore,TE,MIA,,,,6,api,1.94,0.65
13430,RJ Maryland,TE,GB,,,,,,,
13431,Miles Kitselman,TE,,,,,25.1,api,,
13432,Khalil Dinkins,TE,SF,,,,,,,
13433,Riley Nowakowski,TE,PIT,,,,7.1,api,1.08,0.36
13434,Will Kacmarek,TE,MIA,,,,49.1,api,9.46,3.16
13435,Joe Royer,TE,CLE,,,,46.3,api,5.67,1.97
13436,Kentrel Bullock,RB,CIN,,,,,,,
13437,Noah Whittington,RB,HOU,,,,,,,
13438,DeaMonte Trayanum,RB,NYJ,,,,,,,
13440,Damien Alford,WR,,,,,,,,
13477,Colbie Young,WR,CIN,,,,25.5,api,5.4,2.18
13491,Kaden Wetjen,WR,PIT,,,,3.2,api,0.09,0.09
13516,Max Bredeson,TE,MIN,,,,2.8,api,0.2,0.07
13533,Barion Brown,WR,NO,,,,52,api,5.06,1.71
13541,Lewis Bond,WR,HOU,,,,,,,
13545,Trey Smack,K,GB,,,,70,api,21.75,7.73
13554,CJ Williams,WR,JAX,,,,,,,
13557,Athan Kaliakmanis,QB,WAS,,,,,,,
13577,Dallen Bentley,TE,DEN,,,,,,,
13580,Carsen Ryan,TE,CLE,,,,,,,
13582,Anthony Smith,WR,DAL,,,,,,,
13592,Chandler Morris,QB,,,,,,,,
13595,Cash Jones,RB,ATL,,,,,,,
13597,Matthew Caldwell,QB,LAR,,,,,,,
13599,Kyron Drones,QB,,,,,,,,
13600,Tyren Montgomery,WR,TEN,,,,,,,
13602,Jack Strand,QB,ATL,,,,,,,
13603,Gregory Desrosiers,RB,LAC,,,,,,,
13604,Sincere Brown,WR,LAC,,,,,,,
13608,Jerand Bradley,WR,,,,,,,,
13617,Luke Wysong,WR,,,,,,,,
13619,Marcus Sanders,WR,,,,,,,,
13621,Dillon Bell,WR,MIN,,,,,,,
13624,Shaleak Knotts,WR,,,,,,,,
13630,Evan Svoboda,TE,LAC,,,,,,,
13632,Devonte Ross,WR,LAC,,,,,,,
13644,Mason Shipley,K,,,,,,,,
13645,Michael Wortham,WR,JAX,,,,,,,
13647,Ben Patterson,WR,,,,,,,,
13657,Alex Bullock,WR,,,,,,,,
13658,Brady Boyd,WR,,,,,,,,
13661,Ethan Conner,TE,,,,,,,,
13662,Will Pauling,WR,SF,,,,,,,
13663,Wesley Grimes,WR,SF,,,,,,,
13667,Marcus Burke,WR,,,,,,,,
13670,Harrison Wallace,WR,ARI,,,,,,,
13673,Trent Battle,RB,,,,,,,,
13674,Chris Hilton,WR,GB,,,,,,,
13677,Noah Short,WR,,,,,,,,
13681,Kaidon Salter,QB,,,,,,,,
13685,Jake Retzlaff,QB,,,,,,,,
13696,Ja'Mori Maclin,WR,BUF,,,,,,,
13698,Max Tomczak,WR,,,,,,,,
13702,Malik Rutherford,WR,,,,,,,,
13705,Ty Pezza,TE,BAL,,,,,,,
13708,Kobe Prentice,WR,,,,,,,,
13710,Gabriel Plascencia,K,,,,,,,,
13712,Hayden Large,TE,CHI,,,,,,,
13725,Dominic Richardson,RB,NYJ,,,,,,,
13726,Camden Brown,WR,DAL,,,,,,,
13731,Luke Drzewiecki,K,,,,,,,,
13743,Joseph Manjack,WR,,,,,,,,
13744,Cameron Ross,WR,,,,,,,,
13749,Kole Wilson,WR,CLE,,,,,,,
13750,TJ Harden,RB,,,,,,,,
13760,Jaden Bradley,WR,WAS,,,,,,,
13764,Chris Freeman,K,,,,,,,,
13768,Josh Pitsenburger,RB,,,,,,,,
13770,J. Michael Sturdivant,WR,GB,,,,,,,
13772,Eni Falayi,TE,,,,,,,,
13773,Isaiah Jacobs,RB,,,,,,,,
13776,Hank Beatty,WR,,,,,,,,
13777,Ademola Faleye,TE,,,,,,,,
13778,EJ Smith,RB,KC,,,,,,,
13779,Al-Jay Henderson,RB,NYJ,,,,,,,
13780,Terion Stewart,RB,,,,,,,,
13781,Ken Seals,QB,,,,,,,,
13783,Raylen Sharpe,WR,,,,,,,,
13802,Jacob Clark,QB,,,,,,,,
13804,Kansei Matsuzawa,K,LV,,,,,,,
13805,E.J. Williams,WR,,,,,,,,
13806,Matt Lauter,TE,,,,,,,,
13810,Rohan Jones,TE,,,,,,,,
13813,Laith Marjan,K,,,,,,,,
13816,Mark Gronowski,QB,,,,,,,,
13818,Romello Brinson,WR,,,,,,,,
13825,Malik McClain,WR,NYJ,,,,,,,
13826,Caullin Lacy,WR,,,,,,,,
13827,Tanner Arkin,TE,NE,,,,,,,
13830,Kyle Dixon,WR,NE,,,,,,,
13831,Kevorian Barnes,RB,,,,,,,,
13833,Dominic Zvada,K,NYG,,,,66,api,17.99,7.07
13834,Cody Hardy,TE,,,,,,,,
13835,Mekhi Mews,WR,,,,,,,,
13838,Will Ferrin,K,,,,,6,api,,
13839,Chase Curtis,TE,NYJ,,,,,,,
13842,Ethan Sanchez,K,,,,,,,,
13844,Coleman Bennett,RB,,,,,,,,
13846,Jack Velling,TE,ATL,,,,5.3,api,0.42,
13849,Cortez Braham,WR,,,,,,,,
13850,Octavian Smith,WR,,,,,,,,
13852,Dontae McMillan,RB,,,,,,,,
13859,Jalen Walthall,WR,,,,,,,,
13861,Daniel Sobkowicz,WR,HOU,,,,,,,
13862,Treyvhon Saunders,WR,,,,,,,,
13867,Sean Brown,WR,,,,,,,,
13870,Quentin Moore,TE,WAS,,,,,,,
13873,Sam Scott,RB,,,,,,,,
13879,Jameson Geers,TE,ARI,,,,,,,
13888,DeShawn Hanika,TE,,,,,,,,
13889,Levi Wentz,WR,,,,,,,,
13890,Michael Briscoe,WR,MIN,,,,,,,
13898,Corey Rucker,WR,LV,,,,,,,
13904,Jacob De Jesus,WR,,,,,,,,
13905,Omari Evans,WR,KC,,,,,,,
13906,Jaden Nixon,RB,,,,,,,,
13909,Elijah Tau-Tolliver,RB,,,,,,,,
13913,Patrick Gurd,TE,,,,,,,,
13916,Xavier Loyd,WR,,,,,,,,
13920,Jonathan Brady,WR,,,,,,,,
13923,Joshua Pitsenberger,RB,,,,,,,,
13929,Sahmir Hagans,WR,,,,,,,,
13930,Jordon Vaughn,RB,,,,,,,,
13931,E.J. Horton,WR,,,,,,,,
13939,Gabriel Benyard,WR,,,,,,,,
13941,Omari Kelly,WR,,,,,,,,
13943,Squirrel White,WR,,,,,,,,
13946,Jamal Haynes,RB,,,,,3.5,api,0.6,
13949,Damon Bankston,RB,,,,,,,,
13957,Kenny Fletcher,TE,,,,,,,,
13962,Cameron Dorner,WR,NE,,,,,,,
13963,Nick DeGennaro,WR,,,,,,,,
13964,Myles Montgomery,RB,,,,,,,,
13967,Jimmy Kibble,WR,NE,,,,,,,
13968,Drew Stevens,K,WAS,,,,74,api,10.94,7.22
13972,Brandon Frazier,TE,,,,,,,,
13973,Keelan Marion,WR,,,,,,,,
13975,Le'Meke Brockington,WR,,,,,,,,
13981,Kolbe Katsis,WR,DEN,,,,,,,
13988,Stone Eby,TE,,,,,,,,
13989,E.J. Warner,QB,,,,,,,,
13990,Paul Geelen,K,,,,,,,,
13996,Trent Howland,RB,,,,,,,,
14001,Julius Davis,RB,,,,,,,,
14005,Tommy Thomas,WR,,,,,,,,
14008,Rodney Hammond,RB,,,,,,,,
14017,Brett Weaver,TE,,,,,,,,
14018,Jordan Nubin,RB,,,,,,,,
14020,Dean Patterson,WR,TB,,,,,,,
14021,Kadarius Calloway,RB,,,,,,,,
14029,Johnny Pascuzzi,TE,,,,,,,,
14031,Kyron Hudson,WR,,,,,,,,
14034,Brock Rechsteiner,WR,,,,,,,,
14037,Rashad Rochelle,WR,,,,,,,,
14038,Trayvon Rudolph,WR,MIN,,,,,,,
14039,Mante Morrow,WR,,,,,,,,
14040,Terrill Davis,WR,,,,,,,,
14041,Anderson Castle,RB,IND,,,,,,,
14044,Miles Davis,RB,,,,,,,,
14047,Heinrich Haarberg,TE,,,,,,,,
14049,Brandon Hayes,WR,,,,,,,,
14055,Louis Hansen,TE,,,,,,,,
14056,Kyre Duplessis,WR,,,,,,,,
14058,Malick Meiga,WR,,,,,,,,
14061,Jeremiah Franklin,TE,,,,,,,,
14062,Tyler Moore,TE,,,,,,,,
14063,Liam Clifford,WR,,,,,,,,
14064,Roydell Williams,RB,,,,,,,,
14067,Jeff Weimer,WR,,,,,,,,
14068,Drew Biber,TE,,,,,,,,
14069,Connor Hulstein,TE,NYJ,,,,,,,
14076,Justin Jones,RB,,,,,,,,
14080,Barika Kpeenu,RB,,,,,,,,
14082,Alex Tecza,RB,,,,,,,,
14085,Matthew Henry,WR,,,,,,,,
HOU,Houston Texans,DEF,HOU,163,8,1,114,board,22.02,6.15
NE,New England Patriots,DEF,NE,168,11,1,102,board,21.38,7
BAL,Baltimore Ravens,DEF,BAL,167,13,1,105,board,21.97,7.62
PIT,Pittsburgh Steelers,DEF,PIT,189,9,1,98,board,18.69,7.89
IND,Indianapolis Colts,DEF,IND,,,,84,api,14.87,4.58
ARI,Arizona Cardinals,DEF,ARI,,,,66,api,10.13,2.38
SEA,Seattle Seahawks,DEF,SEA,164,11,1,113,board,25.09,7.84
LV,Las Vegas Raiders,DEF,LV,,,,65,api,16.74,8.32
NYJ,New York Jets,DEF,NYJ,,,,64,api,15.21,7.5
DAL,Dallas Cowboys,DEF,DAL,,,,86,api,17.42,6.66
WAS,Washington Commanders,DEF,WAS,,,,75,api,13.36,4.76
LAC,Los Angeles Chargers,DEF,LAC,192,7,1,96,board,20.35,8.44
TB,Tampa Bay Buccaneers,DEF,TB,,,,81,api,18.38,4.58
CLE,Cleveland Browns,DEF,CLE,,,,74,api,16.82,5.14
ATL,Atlanta Falcons,DEF,ATL,,,,83,api,18.15,5.92
CAR,Carolina Panthers,DEF,CAR,252,5,1,91,board,16.72,5.05
JAX,Jacksonville Jaguars,DEF,JAX,191,7,1,101,board,22.69,9.47
LAR,Los Angeles Rams,DEF,LAR,162,11,1,116,board,24.47,6.98
NO,New Orleans Saints,DEF,NO,,,,77,api,14.76,2.8
GB,Green Bay Packers,DEF,GB,239,11,1,96,board,20.06,6.77
MIA,Miami Dolphins,DEF,MIA,,,,62,api,13.33,6.27
DET,Detroit Lions,DEF,DET,190,6,1,102,board,19.96,7.42
BUF,Buffalo Bills,DEF,BUF,,,,84,api,17.15,6.39
PHI,Philadelphia Eagles,DEF,PHI,165,10,1,108,board,24.26,8.83
SF,San Francisco 49ers,DEF,SF,,,,84,api,18.33,4.75
NYG,New York Giants,DEF,NYG,,,,86,api,14.9,4.75
TEN,Tennessee Titans,DEF,TEN,,,,67,api,18.37,8.24
CHI,Chicago Bears,DEF,CHI,,,,85,api,19.72,6.64
CIN,Cincinnati Bengals,DEF,CIN,,,,79,api,15.44,5.24
DEN,Denver Broncos,DEF,DEN,166,10,1,106,board,20.41,6.39
KC,Kansas City Chiefs,DEF,KC,242,5,1,97,board,22.77,8.61
MIN,Minnesota Vikings,DEF,MIN,169,6,1,102,board,20.54,7.27
